categories,city,name,income,avg_salary,den
Fast Food,Brooklyn,Checkers,9474.4624330438,148.26982065767749,31.00261115514118
Fast Food,Orlando,Arby's,5116.19788762669,550.8433891019828,39.19094577950943
Fast Food Restaurant,San Antonio,Dairy Queen,7255.690717051857,2494.610676834623,30.49545620845126
Ice Cream Shop and Fast Food Restaurant,San Antonio,Dairy Queen,9051.829744759385,815.9133781396033,40.265571381631176
Fast Food,Chicago,Dairy Queen,7282.102400050719,2499.7739721992284,28.92974726596977
Fast Food Restaurant,Oklahoma City,Taco Bueno,11152.627152432302,13.097352183272887,31.13513338123528
Fast Food,Atlanta,Dairy Queen,11733.873753401274,312.8048607962317,35.02283722178144
Fast Food,Atlanta,Dairy Queen,4881.997234272241,48.74875960824612,37.963831969548494
Fast Food,Atlanta,Dairy Queen,11994.625421549445,4214.99462473689,29.64982587106537
Fast Food Restaurants,Columbus,McDonald's,5839.111856218998,397.6424823815007,41.89434450585976
Fast Food Restaurant,Cleveland,McDonald's,6035.093496692534,360.9775699776388,24.205172880897678
Fast Food Restaurants,Cleveland,McDonald's,11268.963742575848,1960.2400509231677,39.437998395990384
Fast Food,Brooklyn,Dunkin' Donuts,11338.220500048403,98.14974152828117,34.61107367717372
Fast Food,Brooklyn,Dunkin' Donuts,2478.7290247319197,17.18260591209579,40.175497320284585
Fast Food,Brooklyn,Dunkin' Donuts,8758.1806375848,1606.4318232054104,38.4806560627859
Fast Food Restaurant,Columbus,Taco Bell,12748.766860822008,1259.2188790853988,45.300120394938595
Fast Food Restaurants,Columbus,Taco Bell,12356.873547402412,1485.9443268692805,33.383405223393744
Fast Food Restaurants,Columbus,Taco Bell,12213.66363303788,2913.771592990292,34.15315784324828
Fast Food Restaurant,Columbus,Taco Bell,7511.717414290308,1666.278659969736,28.406409704693353
Fast Food Restaurants,Denver,Subway,9847.015442089434,245.5113147141272,34.09677515684862
Fast Food,Orlando,Dunkin' Donuts,8308.076817076204,116.46883769314142,33.93646265311963
Fast Food,Orlando,Dunkin' Donuts,12134.821991088036,190.74530464457146,37.837239328437214
Fast Food,Orlando,Dunkin' Donuts,10574.842172275341,6.541698735441873,27.618444994049383
Fast Food,Miami,Dunkin' Donuts,7073.4685924900805,202.37137849239906,31.802470220172037
Fast Food,Miami,Dunkin' Donuts,8120.818370227385,674.6477682399706,22.137717754645102
Fast Food Restaurant,Los Angeles,McDonald's,12731.826953749469,2183.1544327383863,38.442932772777645
Fast Food Restaurant,Los Angeles,McDonald's,10205.784212142222,2187.504140788397,27.74930620854162
Fast Food Restaurant,Phoenix,Whataburger,7082.51911649373,2126.0922921383317,35.621697702525125
Fast Food,Phoenix,Whataburger,3118.8079567052046,488.6773086881716,37.03037352256291
Burger Joint and Fast Food Restaurant Central City South,Phoenix,Whataburger,14202.71267306382,1158.5619035037294,45.77178382884639
Fast Food Restaurants,San Diego,Subway,6033.280186415575,164.1973866032715,35.999131957336516
Fast Food Restaurants,Dallas,Pizza Hut,17990.107134542675,1390.733358911938,46.730640150092015
Fast Food Restaurants,Atlanta,McDonald's,17430.350759281224,1172.2266281238542,41.243721227771715
Fast Food Restaurant and Burger Joint,Dallas,McDonald's,10785.595058288796,541.887636130969,35.444594664708994
Fast Food Restaurant,Columbus,McDonald's,5174.1836029097,3496.773773484372,30.28220413791408
Fast Food Restaurants,Columbus,McDonald's,8810.578200296468,1307.2614647065127,43.92788881250909
Fast Food,Jacksonville,Krystal,9841.566145054045,954.9367422503884,31.35472583579183
Fast Food,Jacksonville,Krystal,10540.889966455974,13.168482700727212,33.74496605888447
Fast Food Restaurant,Tucson,Arby's,5693.855709930056,2958.52714568278,43.097170726836794
Fast Food,Las Vegas,In-N-Out Burger,5262.277348438864,244.779896915321,30.636598351084753
Fast Food Restaurant,Las Vegas,In-N-Out Burger,7861.119441765557,207.19953974544057,36.071629576664705
Fast Food,Las Vegas,In-N-Out Burger,8105.596624657157,571.4395170720404,37.76444769557453
Fast Food Restaurant,San Diego,In-N-Out Burger,4675.82624472308,1274.8869601715683,35.91541908195365
Fast Food Restaurant,Brooklyn,KFC,9910.182423904573,390.8226840738284,35.50406421819303
Fast Food,Philadelphia,KFC,13257.054379837331,908.0702735489832,28.054226757587056
Fast Food,Las Vegas,McDonald's,8718.576378124639,199.21519069350347,34.09775900113502
Fast Food Restaurant,Las Vegas,McDonald's,13264.575967889295,1219.21089609355,39.2563170357214
Fast Food,Las Vegas,McDonald's,9792.840628706012,137.21335708122157,39.6520913746027
Fast Food,Las Vegas,McDonald's,9473.107128394911,1087.2087420904047,44.169118504099785
Fast Food Restaurant and American Restaurant,Las Vegas,McDonald's,6828.0508238724215,392.22995606470215,38.204508859990476
Fast Food Restaurant,Las Vegas,McDonald's,7161.386873786458,3498.9110974015616,35.84107748955697
Fast Food Restaurants,Las Vegas,McDonald's,12838.059479193063,151.09880975071977,26.593064249930986
Fast Food Restaurant Nellis Air Force Base,Las Vegas,McDonald's,10200.428889182685,84.03277624447136,41.714876074947384
Fast Food Restaurant,Las Vegas,McDonald's,20833.242101661046,9.290827641417636,33.1667617449893
Fast Food Restaurants,Las Vegas,McDonald's,4066.220591872984,2831.063515768398,37.04421399229473
Fast Food Restaurants,Las Vegas,McDonald's,11027.105503592404,787.9539489956234,39.32813042634415
Fast Food Restaurant,Las Vegas,McDonald's,13296.916990350572,147.66530456508863,34.79774956848788
Fast Food Restaurant,Las Vegas,McDonald's,15592.95515087908,250.95424807085553,36.8370096507545
Fast Food Restaurants,Las Vegas,McDonald's,9813.57900197323,466.2337430153133,38.01007283645117
Fast Food Restaurant,Las Vegas,McDonald's,7017.935319827097,14.078366857748005,36.524575291058916
Fast Food Restaurants,Las Vegas,McDonald's,8664.229949691146,686.5898687591275,25.13837858758214
Fast Food,Las Vegas,McDonald's,8797.03496107727,116.51855983468235,33.24634215649238
Fast Food,Las Vegas,McDonald's,7917.401946114916,1074.2551727040102,36.78028846478878
Fast Food Restaurant,Las Vegas,McDonald's,11061.890186660388,423.70759202385256,40.15196322882075
Fast Food Restaurants,Tucson,Taco Bell,16434.551111172164,658.1212276464705,35.859308760589464
Fast Food Restaurant and Mexican Restaurant,Tucson,Taco Bell,15531.52400244891,468.7824539158629,45.71844498871836
Fast Food,Tucson,Taco Bell,10917.897468082581,1031.6088442060127,36.85731047523902
Fast Food Restaurants,Tucson,Taco Bell,8033.903432107545,785.7544486095027,32.99178625221309
Fast Food Restaurant,Tucson,Taco Bell,5431.883831387453,28.001059967081495,43.59770322461296
Fast Food Restaurants,Tucson,Taco Bell,16145.157685106922,1462.1183051195032,37.759179095764104
Fast Food Restaurant,Tucson,Taco Bell,9847.830551935545,1845.1437117657035,32.03599113995443
Fast Food Restaurants,Phoenix,Taco Bell,11549.054433219042,5566.0677824478325,37.64070826636829
Fast Food Restaurant,Phoenix,Taco Bell,10675.17167732739,2436.6313465950175,37.27911914132305
Fast Food,Houston,Panda Express,3511.878939910067,2597.4666416296286,30.044299414116917
Fast Food Restaurants,Dallas,Panda Express,12578.180675612131,1739.3087247025549,26.14341263114309
Fast Food Restaurant,Denver,Panda Express,9400.967244065103,198.92213119419034,37.39621831562113
Chinese Restaurant and Fast Food Restaurant Union Square,Denver,Panda Express,4590.672954890512,1861.2622229646036,34.86283262422832
Fast Food,Phoenix,Burger King,15851.673642977325,861.3324083788102,38.68365574595493
Fast Food Restaurant,Phoenix,Burger King,15260.072184780021,5.06082709484749,40.18535490324354
Fast Food,San Diego,Dairy Queen,7185.888251422226,178.7223854598247,28.07233176150593
Fast Food,Denver,Dairy Queen,15304.896047294245,928.8435730525459,34.493423045888434
Fast Food Restaurant,Oklahoma City,McDonald's,13002.046040358608,1009.0218236023687,37.13014563054598
Fast Food Restaurants,Oklahoma City,McDonald's,14000.181293935864,1838.1006941496853,35.29258067607608
Fast Food Restaurants,Oklahoma City,McDonald's,7869.263082523759,1772.0581362318628,34.50563858019109
Fast Food,San Diego,Subway,8236.389306227906,485.03538066456605,34.3892801650778
Fast Food Restaurants,Cleveland,McDonald's,8388.889081031479,364.26954083369475,33.797793148435915
Fast Food Restaurants,San Diego,Chick-fil-A,5790.45656073813,305.5460643549806,41.070576086119154
Fast Food,San Diego,Chick-fil-A,13886.251315207965,780.5661342597947,32.53039127586061
Fast Food Restaurants,Columbus,Chipotle Mexican Grill,14102.559168202202,1647.71011068673,40.949659487218085
Fast Food Restaurant,Cleveland,Chipotle Mexican Grill,13168.976134680119,1333.6226912331358,34.059970731233655
Fast Food Restaurant,Denver,Arby's,8154.792664600489,734.5092051529602,46.9710009766698
Fast Food Restaurant,Tucson,Burger King,10024.43942582398,178.0190067985962,28.46253876037487
Fast Food Restaurants,Denver,Burger King,10755.930544114844,125.38647582143822,33.9871023917243
"Fast Food Restaurant, Sandwich Place, and American Restaurant",Cleveland,Arby's,9717.898260192984,1190.329037291021,34.46465377083228
Fast Food Restaurant,Orlando,Krystal,11083.59835267212,13.683581510917977,41.75193527877741
Fast Food,Orlando,Subway,13352.527728227533,914.4398734710635,30.01186537034267
Fast Food,Las Vegas,Del Taco,8152.509739620116,504.8754438195523,32.11932337539354
Fast Food Restaurant,Las Vegas,Del Taco,11937.369874245855,742.9679514219266,30.41498284609578
Fast Food Restaurant,Las Vegas,Del Taco,16744.012735189095,821.2626229039959,26.653882571622994
Fast Food Restaurant,Las Vegas,Del Taco,9172.050842718805,213.0807629843943,24.02876248221427
Fast Food,Phoenix,Del Taco,11464.742120215804,253.45942759980895,35.15290291426425
Fast Food Restaurant,Phoenix,Del Taco,10723.71356005706,498.8514353050008,32.48611525324298
Fast Food Restaurants,Phoenix,Del Taco,14201.96422348254,504.3880832191261,36.26216553135877
Fast Food Restaurant,Brooklyn,KFC,8456.313800930542,182.4715596103056,40.47366301163096
"Fast Food Restaurant, American Restaurant, and Sandwich Place North Buckhead",Atlanta,Chick-fil-A,11883.231305730114,35.61618976069059,34.744479199520974
Fast Food Restaurant,Houston,Chick-fil-A,11294.276867711777,969.6456204061103,37.655307285812974
"Fast Food Restaurant, American Restaurant, and Sandwich Place East Louisville",Louisville,Chick-fil-A,9601.470100784849,1176.2347197048891,33.98594104730502
"Fast Food Restaurant, American Restaurant, and Sandwich Place Northwest Oklahoma City",Oklahoma City,Chick-fil-A,13272.028597809718,13.632552649043392,32.653134200027765
"Taco Place, Fast Food Restaurant, and Mexican Restaurant Valley Station",Louisville,Taco Bell,11470.096224034663,2501.1982246718003,37.47041984911974
Fast Food Restaurant and Mexican Restaurant,Miami,Taco Bell,5451.445005953722,2681.1723426104286,33.524164229858236
Fast Food Restaurant,Las Vegas,Taco Bell,7092.651718558707,1187.6844490120377,33.99251718340432
Fast Food Restaurant,Chicago,Jimmy John's,9162.589248750046,420.83689574516757,29.60280412398305
Fast Food Restaurants,Oklahoma City,Taco Bueno,5450.149993830368,223.63919255725494,38.82738469719549
Fast Food Restaurant and Burger Joint,Los Angeles,Burger King,7551.820929011533,815.2165126407812,35.31466822392831
Fast Food,Jacksonville,Krystal,9119.83435525564,1298.7093248788437,32.74143364753607
Fast Food,Orlando,Krystal,6571.675120130858,704.2952748899954,30.016845890659894
Fast Food,Jacksonville,Krystal,7010.834435720133,846.6784624930749,31.388434650150824
Fast Food Restaurant,Jacksonville,Krystal,7861.208965915601,124.9721883216993,30.069343251751135
Fast Food Restaurants,Brooklyn,Subway,12986.931062509924,228.92464522062096,36.71863146958371
Fast Food,Brooklyn,Subway,6686.036723211075,369.47628230198046,38.315499080894064
Sandwich Place and Fast Food Restaurant,Oklahoma City,Subway,11028.53754975049,1138.1580787799944,34.977104027821
Fast Food Restaurants,Miami,Subway,7953.076648818245,136.53926166180273,30.191389317347355
Fast Food Restaurants,Oklahoma City,Subway,6196.881152196265,7053.8842455989015,40.487256485500716
Fast Food Restaurant,Dallas,Taco Bueno,8571.557578764247,619.8608849196406,32.48989954615026
Fast Food,Dallas,Taco Bueno,12113.6483228514,1689.412607946868,35.168062839926264
Fast Food Restaurants,Tucson,Arby's,9930.50957617571,170.89957207261767,41.08852818766755
Fast Food,Tucson,Arby's,15133.437888266886,1483.1367864736587,32.967138448946635
Fast Food Restaurant,Tucson,Arby's,11583.944313516397,344.2982640521599,37.882237871171405
Fast Food Restaurant,Tucson,Arby's,16176.002600943111,1596.5498697015282,32.96514835572384
Fast Food,Phoenix,Arby's,6035.749437715085,1055.8259249585503,32.069999198166705
Fast Food Restaurant,Phoenix,Arby's,15859.022134443978,1756.3547599651288,34.38708349641172
"Fast Food Restaurant, Sandwich Place, and American Restaurant Camelback East",Phoenix,Arby's,9503.05060735933,101.01962523235034,30.958240132322445
Fast Food Restaurant,Phoenix,Arby's,4330.396393835021,239.87521928747927,28.803023789572595
Fast Food,Phoenix,Arby's,10554.004372803334,532.9357390474516,26.609991005426117
Fast Food Restaurants,Tucson,McDonald's,8584.925262830959,1063.2976567216801,24.644754180954322
Fast Food Restaurants,Tucson,McDonald's,9058.94862757202,113.97464794248444,27.869672013436798
Fast Food,Tucson,McDonald's,11060.955031260291,32.393796946698004,28.824968683980323
Fast Food,Tucson,McDonald's,14697.810622406718,2204.126142845346,35.68588230205799
Fast Food Restaurants,Tucson,McDonald's,9015.975415869994,61.03393209944174,35.13488217106962
Fast Food Restaurants,Tucson,McDonald's,7668.898185381208,1048.4964396072976,42.591705344906764
Fast Food,Miami,Burger King,12662.216909634704,630.2626906503235,27.879710678769523
Fast Food Restaurants,Miami,Burger King,2681.047194051489,1030.5014483596156,31.077918013378152
Fast Food,San Diego,Subway,10483.712470997643,1604.7321672770706,41.665405173668574
Fast Food,Houston,Subway,6052.444651088115,392.0566990046584,39.27419185229576
Fast Food Restaurant,Houston,Subway,12982.10903725546,402.18692397960604,44.1768151480092
Fast Food,Houston,Subway,9974.702432007556,1770.4330136205608,31.003498288611567
Fast Food Restaurants,Houston,Subway,3472.2399088424363,454.00723945232585,32.21148709986021
Fast Food Restaurants,San Antonio,Subway,9017.526983601341,223.7282908388413,32.12988718034413
Fast Food Restaurants,Cleveland,Subway,7238.678396404821,439.4421139482955,36.21168825915821
Fast Food Restaurants,Columbus,Subway,14910.907051494582,353.72533705451457,35.35888603357053
Fast Food Restaurant,Dallas,Subway,2964.7623259455822,673.0688023696873,30.423090035235138
Fast Food Restaurants,Dallas,Subway,14138.011540097665,622.6618806537655,38.816556992317935
Fast Food Restaurants,Brooklyn,Subway,9554.539107621222,3.0930218160704146,27.580960308531576
Fast Food,Brooklyn,Subway,12747.885458408236,169.16508078839232,34.07964355275321
Fast Food Restaurants,Brooklyn,Subway,8090.431861017573,434.0181015744226,35.407411565308735
Fast Food,Brooklyn,McDonald's,7422.174753496231,2062.993324976792,40.30494127453865
Fast Food,Brooklyn,McDonald's,13465.959403059023,118.25213518457397,37.25865269593829
Fast Food Restaurants,Brooklyn,McDonald's,9284.508811398171,276.05994295781477,28.120443760831932
Fast Food Restaurants,Philadelphia,Subway,10513.623508846436,92.41684935189512,38.29109392242023
Fast Food Restaurants,Philadelphia,Subway,6933.166820410101,981.1672070646082,31.541009287858397
Fast Food Restaurant,Cleveland,Rally's,15527.448261554313,780.4820236323164,31.675809347783666
Fast Food Restaurant,Cleveland,Rally's,12630.748195862205,438.1308711202821,30.631143946121743
Fast Food Restaurants,Jacksonville,Checkers,12539.829309333883,18.317687268937167,41.785270773423406
Fast Food Restaurant Camelback East,Phoenix,McDonald's,9690.747455658284,1380.452942501606,30.408348667589692
Fast Food Restaurants,Phoenix,McDonald's,7362.560138289487,686.9757959956136,33.88481971910631
Fast Food,Phoenix,McDonald's,8897.720579692545,231.96813753445198,39.24118681076891
Fast Food,Phoenix,McDonald's,11892.018082711473,3215.8980621986548,33.93346207636533
Fast Food Restaurant,Phoenix,McDonald's,4354.443115958934,685.8895089770011,45.3820374877056
Fast Food,Phoenix,McDonald's,8770.979745979068,386.89455952073024,37.09342985434675
Fast Food Restaurant South Mountain,Phoenix,McDonald's,14826.099443734382,1810.829932116567,26.156731723296907
Fast Food Restaurant,Phoenix,McDonald's,4652.075736423949,358.2001764060951,41.683099951931766
Fast Food,Phoenix,McDonald's,7897.981148504845,2359.2778082347986,38.19270791785172
Fast Food Restaurant,Phoenix,McDonald's,12188.81750171802,1562.0805019489355,42.68144246831901
Fast Food,Phoenix,McDonald's,12837.814659520604,190.70389233543014,41.27870577617806
Fast Food,Louisville,McDonald's,13150.250418870735,1164.9344675960485,40.68430902556071
Fast Food Restaurant,Jacksonville,Dairy Queen,9315.201854576151,946.5800283856566,43.72568993165421
Fast Food Restaurant and Ice Cream Shop,Jacksonville,Dairy Queen,15966.466926284564,156.64587076880005,37.733070992698444
Fast Food Restaurant,Jacksonville,Dairy Queen,16539.09891818676,814.9638989031132,24.877552639977154
Fast Food,Atlanta,Dairy Queen,9163.596331017665,394.3660813579339,33.351432694261206
Fast Food Restaurants,Atlanta,Dairy Queen,7604.14378616439,280.8093310190681,31.39664176896841
Fast Food Restaurant,Brooklyn,McDonald's,11053.071479327335,88.28554689321545,40.08159563167394
Fast Food Restaurants,Brooklyn,McDonald's,2641.3402232571616,159.31985570469683,31.245120354976628
Fast Food Restaurants,Brooklyn,McDonald's,15997.947043129545,1029.3910276306906,34.70329208406291
Fast food restaurants,Cleveland,Burger King,15547.635962841769,13.6116129833356,34.61037425891055
Fast Food Restaurants,Cleveland,Burger King,12938.428794778105,689.901805064831,41.812605942810784
Fast Food Restaurant,Louisville,Burger King,11816.703304740378,1446.216437937413,40.809634001496605
Fast Food Restaurant,Cleveland,Burger King,12217.049314767808,2361.111681143925,36.67043721678524
Fast Food,Orlando,McDonald's,7639.418463758266,1127.0630180876617,31.09031395890826
Fast Food,Orlando,McDonald's,12120.113319880707,1022.1062561508168,21.19584555870661
Fast Food,Chicago,Subway,12725.554617865218,728.0108985141803,29.552047239056908
Fast Food,Chicago,Subway,10813.405355248231,508.98797203915416,35.56590619242629
Fast Food,Chicago,Subway,16936.645292721438,100.14786130835485,34.321730949379834
Fast Food,Chicago,Subway,10289.058881065654,554.4159343722715,30.89464851092721
Fast Food Restaurants,Columbus,McDonald's,11708.717403093078,1383.3063820345521,41.662492911368176
Fast Food Restaurant,Columbus,McDonald's,10138.914203971248,191.58027007673962,28.936222113804654
Fast Food,Columbus,McDonald's,10409.874627549369,793.6555784863658,36.15840194928162
Fast Food Restaurants,Cleveland,McDonald's,6110.25706171317,55.222955120238424,46.03034918906002
Fast Food Restaurant,Columbus,McDonald's,5767.0188300958025,2518.7880512032657,35.00355590536735
Fast food restaurants,Columbus,McDonald's,11748.257896621039,1943.833447352934,36.321510068867674
Fast Food,Louisville,McDonald's,12754.885617913893,1426.2335694708393,42.41961610047635
Fast Food,Jacksonville,McDonald's,3419.9059606680066,3273.0581002663207,30.78274618297263
Fast Food Restaurant,Oklahoma City,Subway,8196.968371931356,489.462447799323,42.562546263934834
Fast Food,Columbus,McDonald's,13207.889574748908,1036.2367158957918,28.322177346373362
Fast Food Restaurant,Columbus,McDonald's,17324.435214719604,665.8113559978729,37.61942803128209
Fast Food,Miami,Taco Bell,8980.954988730015,1077.5381639699149,28.788674041060283
Fast Food Restaurant and Mexican Restaurant,Miami,Taco Bell,5978.989498559888,285.77551939986023,43.10638752152
Fast Food Restaurants,Las Vegas,Taco Bell,10015.355977114636,2352.941730996805,39.582150899483345
Fast Food Restaurant and Mexican Restaurant,Las Vegas,Taco Bell,12812.012035474347,1616.7300171017423,38.00143640709197
Fast Food,Louisville,Taco Bell,13804.007055303086,611.8259253030338,41.04462710981541
Fast Food Restaurants,Houston,Chick-fil-A,19694.152364882306,3564.3465199482403,41.57193194663554
Fast Food Restaurants,Dallas,Taco Bell,11586.947572831652,568.5965548046973,26.83443117398367
Fast Food Restaurants,Tucson,Panda Express,3899.9658881585747,249.82910307851225,30.001084381831255
Fast Food,Orlando,Taco Bell,10465.919085122669,2560.834578585325,32.722235020132686
Fast Food Restaurants,Houston,Panera Bread,4450.864400511085,55.188114573253486,39.13641697054105
Fast Food,Miami,Subway,11910.090190940264,727.6447029205281,31.986724345295997
Fast Food,Miami,Subway,3743.9274177028665,37.841872827697046,23.553256188484497
Fast Food,Miami,Subway,8821.77688087417,585.7337069810776,42.7840090991743
Fast Food,Miami,Subway,8211.086144646795,546.8141015139162,35.08964994150246
Fast Food,Atlanta,Subway,8758.260377952496,408.17793463148195,40.67900217519385
Fast Food Restaurant,Cleveland,Long John Silver's,14850.075981672246,865.9252189849077,40.6838543905621
Fast Food Restaurant,Miami,Burger King,6846.899833121601,658.1017378464343,30.879276441538746
Fast Food Restaurant,Miami,Burger King,8359.512210988329,1256.3593618639234,36.539039350114365
Fast Food,Phoenix,Dairy Queen,9345.39585357628,672.0431886400871,33.098413906448435
Fast Food Restaurants,Phoenix,Dairy Queen,8889.297472037528,3705.4570075094307,41.43466005062865
Fast Food Restaurants,Houston,Domino's Pizza,10526.826600553442,897.1910451044431,39.55870803595682
Fast Food Restaurants,Dallas,Domino's Pizza,21616.157096307274,3312.6784904799797,32.646731015659356
Fast Food,Dallas,Domino's Pizza,8690.689462919723,1014.5174964361372,36.04909550045449
Fast Food Restaurants,Houston,Domino's Pizza,4240.1177755488025,1173.4020012333422,33.35071085924533
Fast Food Restaurants,Tucson,Subway,6103.830691124424,425.29544456697926,45.16442934460052
Fast Food,Phoenix,Subway,18070.127992219735,66.8884898627521,35.14977291706263
Fast Food,Philadelphia,Dunkin' Donuts,6330.021923904557,3241.2265388129836,39.31028169862839
Fast Food,Philadelphia,Dunkin' Donuts,1705.5698835815474,1296.8359963778705,25.583233350544653
Fast Food,Philadelphia,Dunkin' Donuts,11677.448810265207,542.8537542389462,39.153777826996404
Fast Food,Philadelphia,Dunkin' Donuts,3473.7003650801535,1870.6870774695767,36.57543529327446
Fast Food,Philadelphia,Dunkin' Donuts,9932.388229730695,391.9065915697531,35.91559493662079
Fast Food,Philadelphia,Dunkin' Donuts,9965.587812647093,3324.3138966641486,30.040812288803288
Fast Food Restaurant,Chicago,Jimmy John's,13280.78833473688,884.3644228455813,34.43452243240701
Fast Food Restaurant,Chicago,Jimmy John's,17114.382424534477,943.1468048892494,33.731347722855155
Fast Food Restaurant,Chicago,Jimmy John's,6779.140650474363,1336.1703229606057,28.87050975343601
Fast Food Restaurant,Chicago,Jimmy John's,4430.209405780466,3103.5675569197538,33.50503407887597
Fast Food Restaurant,Columbus,Arby's,9139.70809872921,1734.174703471297,34.057460960024116
Fast Food,Houston,Burger King,12989.85288475307,689.9692700809334,31.52321583793949
Fast Food,Houston,Burger King,17410.835568251925,622.511129065332,32.10661850571595
Fast Food,Houston,Burger King,11869.83794513666,344.1808036375423,40.07906218920424
Fast Food Restaurant,Houston,Burger King,12037.945157021539,1686.8083336666487,38.34741345167683
Fast Food Restaurants,Houston,Burger King,7504.485249360983,28.960548828032614,34.37558500683173
Fast Food Restaurant,Dallas,Burger King,224.4146220449129,456.81962976971255,24.859785122420462
Fast Food Restaurants,Dallas,Burger King,7022.335156148781,831.8561231811606,30.25312228100882
Fast Food Restaurant,Dallas,Burger King,4808.208003927815,402.89095237522264,38.407148906898186
Fast Food,Atlanta,KFC,11419.543710282478,315.39311626541405,35.717141580445194
Fast Food Restaurant,Dallas,Taco Bell,7099.914553944085,1222.0549513994117,34.972704947916874
Fast Food Restaurant and Mexican Restaurant,Dallas,Taco Bell,15131.749774825412,531.2732975309625,22.118577318404107
Fast Food Restaurants,Dallas,Taco Bell,8754.347860913997,82.36068813813695,34.72335979965942
Fast Food Restaurant English Avenue,Atlanta,Krystal,16196.765309570985,3985.4805268356904,32.7842287427633
Fast Food Restaurants,Las Vegas,Panda Express,12848.7541773894,3006.9934145447205,45.017522873238605
Fast Food Restaurants,Las Vegas,Panda Express,8101.431090645868,267.42684418309267,37.33850634416873
Fast Food,Las Vegas,Panda Express,6564.6182106994775,41.330652356087505,33.70946920800784
Fast Food,Las Vegas,Panda Express,9210.199126810232,1039.2753402780518,34.97131604601339
Fast Food Restaurants,Las Vegas,Panda Express,12204.225937762487,179.44542750267158,29.65172989415286
Fast Food Restaurant,Chicago,Jimmy John's,10642.494323358018,2114.4313778483156,32.59705114640518
Fast Food Restaurants,Cleveland,Domino's Pizza,5225.890026108997,884.0554220440231,25.2191554243635
Fast Food Restaurant,Miami,Arby's,8669.530867453344,199.5692116994617,31.88656410270771
Fast Food,Miami,Arby's,7592.48931352575,614.8984898715755,35.23490168267301
Fast Food,Denver,Carl's Jr.,13290.827728901784,203.3447264704289,22.877272319128437
Fast Food Restaurants,Phoenix,Carl's Jr.,1103.4288057431295,371.5117395976947,26.69783863526449
Fast Food,Phoenix,Carl's Jr.,12869.012253693942,676.5148695173696,30.072499598267633
Fast Food Restaurant and American Restaurant,Phoenix,Carl's Jr.,9415.629868676786,304.73722573451346,31.495333204662284
Fast Food,Phoenix,Carl's Jr.,14970.655231339148,581.7194502732799,35.91772162519945
"Burger Joint, Fast Food Restaurant, and American Restaurant",Tucson,Carl's Jr.,7017.439624576336,896.189296532843,28.737109423660023
Fast food restaurants,Orlando,Burger King,6927.835033715691,933.6952575963434,40.27715143962541
Fast Food Restaurant,Miami,Burger King,5103.179042752615,855.3062579557209,37.37475219039863
Fast Food Restaurant Highlands,Jacksonville,Burger King,13244.010711015193,216.3850084537528,34.55650393706704
Fast Food Restaurant,Las Vegas,Carl's Jr.,6190.431012905901,2011.7908589029155,37.695805716629486
Fast Food Restaurant,Las Vegas,Carl's Jr.,8339.35613705311,576.6666237550946,30.20103082545639
Fast Food Restaurant and Burger Joint,Las Vegas,Carl's Jr.,12976.24068718505,184.29142035460413,31.680011485255044
Fast Food Restaurant,Las Vegas,Carl's Jr.,9832.630920611062,1800.632717985827,32.08802784856488
Fast Food Restaurants,Las Vegas,Carl's Jr.,6592.2972905481,826.3510596144147,34.75219979588306
Fast Food Restaurants,Houston,McDonald's,13261.5464186518,405.9942651141279,32.91555122826077
Fast Food,Columbus,Arby's,13952.946979659746,31.932872658682243,35.65535585173289
Fast Food Restaurants,Denver,Subway,17577.178159407984,559.905483695366,25.244370816926477
Fast Food,Los Angeles,Pizza Hut,6834.83651252987,749.216362049126,32.5152403074846
Fast Food,Los Angeles,Pizza Hut,6928.548510502938,243.32990007849043,38.80181636556806
Fast Food,Los Angeles,Pizza Hut,10799.692671271436,436.82269212341254,27.31775208242979
Fast Food,Los Angeles,Pizza Hut,10855.890911905013,784.0436834123462,24.966082053869194
Fast Food Restaurants,Columbus,Domino's Pizza,7298.662821302782,193.7054232069486,34.8342752606125
Fast Food Restaurants,Jacksonville,Domino's Pizza,9461.215952346854,2493.981068075869,30.842188176992888
Fast Food Restaurants,Jacksonville,Domino's Pizza,14207.544036672723,3653.118958524262,40.16512621628415
Fast Food,Chicago,Domino's Pizza,3406.9249872503387,44.879598218765274,36.8938879854126
Fast Food Restaurants,Chicago,Domino's Pizza,7846.107464348717,1621.2048590815775,38.04333262929114
Fast Food Restaurants,San Diego,Subway,10547.585578224065,1208.97315716774,40.16366756224083
Fast Food Restaurants,Oklahoma City,Domino's Pizza,11469.364923613355,95.20192178097577,29.19035160439602
Fast Food Restaurants,Oklahoma City,Domino's Pizza,10137.299980524927,5433.846064573251,34.855071329516065
Fast Food,Houston,Domino's Pizza,13960.408705893757,655.5018561527147,32.25028007913514
Fast Food,Houston,Domino's Pizza,9599.328522964825,3974.3861068837277,30.36238046437861
Fast Food Restaurants,Oklahoma City,Domino's Pizza,18789.02965645954,316.677703479018,32.125604850801444
Fast Food Restaurant,Phoenix,Burger King,8784.260906049274,2656.4888826974106,30.43086682833233
Fast Food Restaurant,Houston,Wendy's,16145.480726193775,339.08828740456386,29.512101770471595
Fast Food,Houston,Wendy's,13304.531957528092,362.3761635737501,31.172848499752195
Fast Food Restaurant,Dallas,Wendy's,8337.813792761755,888.6388461199916,27.691007857973553
Fast Food Restaurant,Dallas,Wendy's,15358.40656772285,909.6214701796205,29.284426696905474
Fast Food Restaurant,Jacksonville,McDonald's,-485.69174111832035,1941.0851913205452,41.03079384920581
Fast Food,Los Angeles,Jack in the Box,9555.485004814402,510.25562642879095,28.990599601548453
Fast Food,Los Angeles,Jack in the Box,16596.997393603662,534.116046894117,30.69206868662595
Fast Food,Los Angeles,Jack in the Box,11288.176080339164,843.4600304834058,29.30596342085083
Fast Food,Los Angeles,Jack in the Box,17145.835956278286,3192.955336752759,40.28506531412155
Fast Food,Los Angeles,Jack in the Box,5232.861873870581,253.6392493535411,33.37305609101525
Fast Food Restaurants,Houston,Wendy's,6709.584403829768,1063.3221481106664,41.82491024415373
Fast Food Restaurant,Dallas,Wendy's,9786.620081611125,1637.682834089634,42.03855950845068
Fast Food Restaurants,Dallas,Wendy's,2985.995348110623,869.5202336491087,38.845453804894696
Fast Food,Los Angeles,Carl's Jr.,10739.86004173568,2187.7427139204783,33.65499199851281
Fast Food,San Diego,Carl's Jr.,7036.24693136025,92.40104042204484,31.694506214908053
Fast Food Restaurant and Burger Joint,San Diego,Carl's Jr.,13171.31065312679,35.68388427952333,23.13842781553503
Fast Food,Columbus,Arby's,6967.765002084612,2175.627306076194,47.78279636449978
Fast Food,Chicago,Dunkin' Donuts,9729.143771237575,179.10300653584605,35.78411743213849
Fast Food,Chicago,Dunkin' Donuts,7283.133250172386,294.3576003121288,37.46929391103939
Fast Food,Chicago,Dunkin' Donuts,5066.75314807095,305.07292578774235,38.247562308610895
Fast Food,Chicago,Dunkin' Donuts,5014.229509228197,485.6714335011984,38.65563321291987
Fast Food,Chicago,Dunkin' Donuts,12456.610490174928,193.48034903743886,28.580245050302437
Fast Food,Chicago,Dunkin' Donuts,11748.046583472995,3039.5789151180306,31.262250027307136
Fast Food,Chicago,Dunkin' Donuts,7836.656694887569,2793.832346894496,34.309729759184975
Sandwich Place and Fast Food Restaurant Ohio City,Cleveland,Subway,13550.957928118414,1087.040352650975,40.98411595386316
Fast Food Restaurants,Columbus,Subway,18950.03862540107,353.86839505211896,22.76729040377265
Fast Food Restaurants,Cleveland,Subway,3610.845298410065,683.4904133669572,42.27425172520704
Fast Food,Los Angeles,Jack in the Box,9865.419382281316,152.95072553113985,43.94889181604962
Fast Food Restaurant,Los Angeles,Jack in the Box,7076.6727681777475,105.15280556217984,34.9802419084878
Fast Food,Los Angeles,Jack in the Box,11071.79731118453,279.0435132069781,35.7281872642875
Fast Food Restaurant,Los Angeles,Jack in the Box,11877.673602161849,1167.1630667793838,28.954215465971373
Fast Food Restaurant,Los Angeles,Jack in the Box,-439.89504745803424,184.81219364010815,33.672649554567734
Fast Food,Los Angeles,Jack in the Box,5442.310542202463,644.7793871526666,37.378385473128105
Fast Food,Philadelphia,Dunkin' Donuts,12162.604882866239,1627.4962691592334,36.30521846606989
Fast Food,Philadelphia,Dunkin' Donuts,6555.350259539364,1726.7804205196062,33.34826502710047
Fast Food,Philadelphia,Dunkin' Donuts,10238.78029931021,497.09847069129927,33.64413413575964
Fast Food,Philadelphia,Chick-fil-A,4525.738022277912,1626.2523467131089,33.65944643214503
Fast Food Restaurant,Philadelphia,Chick-fil-A,9365.935570192702,309.71589491245936,35.45009066733627
"Fast Food Restaurant, American Restaurant, and Sandwich Place",Columbus,Chick-fil-A,9485.277057203348,741.7682387651895,23.648952600801536
Fast Food Restaurant,Columbus,Chick-fil-A,14178.834906432552,1785.5396342663055,36.62547694785176
"Fast Food Restaurant, American Restaurant, and Sandwich Place",Columbus,Chick-fil-A,8766.805954304496,4.935439397531272,34.355818036889694
Fast Food,Chicago,KFC,3605.907151885748,193.27023116211905,33.649133385847435
Fast Food Restaurants,Columbus,Long John Silver's,11537.491068346426,105.62170603779178,36.10048219615994
Fast Food,Louisville,Panera Bread,5564.429807270046,1802.7397076178154,38.67713732840993
Fast Food Restaurant,Denver,Wendy's,6780.030186717266,985.4475524345231,34.60777111463793
Fast Food,Denver,Wendy's,15237.902718011737,1041.348975893732,39.44193430464736
Fast Food,Denver,Wendy's,14627.630300187475,1408.3588426509734,31.103235419336805
Fast Food Restaurants,San Diego,Carl's Jr.,7081.115185076764,2469.1684998596393,34.759565152379075
Fast Food Restaurants,Los Angeles,McDonald's,11642.997113339838,358.3078106287243,42.71944791394432
Fast Food Restaurant,San Diego,McDonald's,7973.953560459132,847.9765706512803,31.548849380801503
Fast Food,San Diego,McDonald's,14581.138299540413,193.79632973852242,37.08197256433744
Fast Food Restaurant Linda Vista,San Diego,McDonald's,12747.23006705978,4504.684707495957,34.09685776948486
Fast Food Restaurant,Los Angeles,McDonald's,9437.378310959735,549.4132089169361,29.377677572103906
Fast Food Restaurant and Burger Joint Greater Third Ward,Houston,Burger King,15901.738641152533,1104.702427410307,33.29342115198582
Fast Food,Houston,Burger King,13124.425196353634,152.46499946407013,31.114469282325363
Fast Food Restaurant,Houston,Burger King,9405.001381047374,1715.8217046547725,27.34313209542119
Fast Food Restaurant,Houston,Burger King,5534.733858111854,305.11910018769004,32.884083274090095
Fast Food Restaurant Central San Diego,San Diego,Burger King,12706.031231790159,113.58777067170408,34.60416758476891
Fast Food,Los Angeles,Carl's Jr.,4152.009153054824,1855.5377243754806,32.09400760562772
Fast Food Restaurant,Los Angeles,Burger King,10744.197136485416,1029.4622212082784,37.32731810544134
Fast Food Restaurant,Los Angeles,Burger King,20603.570081301456,73.22334213316444,34.458120835682784
Fast Food Restaurant,Los Angeles,Burger King,7295.59794988557,45.065578571500396,42.17362233480803
Fast Food Restaurant,Los Angeles,Burger King,6472.034329756137,791.271906879131,38.97241770048732
Fast Food Restaurant and Burger Joint,Los Angeles,Burger King,7651.775553873766,557.2308759590181,35.5220492460368
Fast Food,Los Angeles,Burger King,11568.550821016048,1457.2731000676101,42.80680939316916
Fast Food Restaurants,Los Angeles,Burger King,8501.752688378492,710.849167639581,40.72316574335108
Fast Food,Los Angeles,Burger King,11192.09446115241,571.8391508629323,33.00424194434055
Fast Food Restaurant,Los Angeles,Burger King,7990.258813641326,719.2469469965484,30.777901195879664
Fast Food Restaurants,Los Angeles,Burger King,8916.057774092946,542.4145627255534,25.43995491830992
Fast Food,Los Angeles,Burger King,9835.360012658573,963.7953083879728,34.636850406837624
"Burger Joint, Fried Chicken Joint, and Fast Food Restaurant",Tucson,Jack in the Box,15957.40838704112,815.9129726115272,40.180058131172544
Fast Food Restaurant,Tucson,Jack in the Box,8751.915384663766,1149.3503495547466,33.872643016234676
Fast Food Restaurants,Tucson,Jack in the Box,7875.556860034666,15.658160552206711,34.72533454428476
Fast Food Restaurant,Tucson,Jack in the Box,6095.836273505885,3336.709769201569,43.34623183158849
Fast Food Restaurant,Louisville,Chick-fil-A,11183.582985862959,269.92755570315865,30.759024297845215
Fast Food Restaurant and Mexican Restaurant,Las Vegas,Taco Bell,9501.158093156324,1291.8571891143577,25.41852361966079
Fast Food Restaurant and Mexican Restaurant,Las Vegas,Taco Bell,10535.193167644546,404.97739069272467,44.988618378915895
Fast Food Restaurant and Mexican Restaurant Centennial Hills,Las Vegas,Taco Bell,11366.233792267241,1132.7216344435496,35.50929191860915
Fast Food Restaurant,Atlanta,McDonald's,5476.72069886585,349.4764888418121,48.42038937545414
Fast Food Restaurant,Atlanta,McDonald's,5887.69503095559,686.717676638688,37.85951616934084
Fast Food,Atlanta,McDonald's,12464.649476247327,198.84162415026245,36.10438280702077
Fast Food Restaurant,Atlanta,McDonald's,13690.608995006118,1082.254145236039,35.85519527542501
Fast Food Restaurants,Atlanta,McDonald's,6998.798206419575,2119.6183522430533,33.491706005405206
Fast Food Restaurant,San Antonio,McDonald's,9181.033637814291,1092.9932671713914,29.803042200142215
Fast Food Restaurant,Houston,McDonald's,3530.4183281178375,1011.3510849940214,39.65831280572961
Fast Food,Houston,McDonald's,12087.285569835214,1184.6213319270018,30.503073907868412
Fast Food Restaurant,Houston,McDonald's,5947.237079332774,1926.9349920650595,43.36090519402022
Fast Food Restaurant,Houston,McDonald's,10776.384595479989,256.92148227686454,35.910055097151194
Fast Food Restaurants,Houston,McDonald's,10647.495302126008,882.9311978171993,29.03103908710187
Fast Food Restaurant,Houston,McDonald's,9815.906319425187,244.02985671486263,40.872743677157246
Fast Food Restaurants,Louisville,Long John Silver's,18447.977321084796,162.25904100514512,36.45368981499991
Fast Food Restaurant,Houston,McDonald's,9362.873154402108,149.03084019155682,29.321729038075866
Fast Food,Houston,McDonald's,18542.259557149213,431.26194557702013,28.06178278830894
Fast Food,Houston,McDonald's,11502.199496221483,1134.5471838627977,43.003047036338685
Fast Food Restaurants,Louisville,Long John Silver's,14850.432155195875,708.0017981642557,32.37228564771863
Fast Food Restaurants,Oklahoma City,Taco Bell,13510.886421801231,257.3956220975515,32.81461986759762
Fast Food Restaurant and Mexican Restaurant Kendrick Lake,Denver,Taco Bell,5755.987302952748,1604.7764732755309,30.191369540011046
Fast Food Restaurants,Los Angeles,Taco Bell,9932.538141271372,1638.3975630655175,25.638920813875423
Fast Food Restaurants,Philadelphia,Taco Bell,10363.393318399365,963.676328284049,39.872184824815726
Fast Food Restaurant,Philadelphia,Taco Bell,12886.230568763087,759.1979176762268,32.20927312358611
Fast Food Restaurant,Columbus,Taco Bell,8168.723194536355,632.5882635501166,36.3320748757629
Fast Food,Columbus,Taco Bell,20848.636705436867,1430.818837396948,39.52620111212746
Fast Food,Jacksonville,Taco Bell,11244.118076565384,2136.7224304112697,32.289324491172
Fast Food,Houston,Panda Express,8102.473830873138,3530.3179998014116,32.265427383645104
Fast Food Restaurant,Cleveland,Taco Bell,14780.667145383673,150.9476329652738,44.85081294769266
Fast Food,Phoenix,Pizza Hut,7109.260577994373,97.52426520815547,40.74012112911891
"Fast Food Restaurant, American Restaurant, and Sandwich Place Northeast Philadelphia",Philadelphia,Arby's,11672.949954260046,606.1096986284654,36.962532844857776
Fast Food,San Diego,Carl's Jr.,7240.015433484223,717.3674529393581,38.00068867646984
Fast Food,San Diego,Carl's Jr.,8320.028675877513,266.87479122982427,33.161418591017586
Fast Food Restaurants,Phoenix,Taco Bell,8619.055785929897,282.5877411613887,32.21329143084147
Fast Food Restaurant and Taco Place Maple Lawn,Dallas,Taco Bell,9567.256340632113,1279.2652202691136,30.994080876002805
Fast Food,Las Vegas,Taco Bell,7905.981937894825,1708.0410115683417,26.243028285130247
Fast Food,Los Angeles,Taco Bell,11594.544209417858,5681.115993403873,36.049002369149356
Fast Food Restaurant and Mexican Restaurant North Mountain,Phoenix,Taco Bell,7626.159487031631,554.6980106742396,27.2780379197345
Fast Food Restaurant and Mexican Restaurant,Phoenix,Taco Bell,7306.485402540251,1927.09832546608,40.31006563980908
Fast Food Restaurant,Phoenix,Taco Bell,12308.682274517405,108.00075204103132,35.319287886574344
Fast Food Restaurants,Columbus,Taco Bell,10890.70762914269,1357.0166009843506,33.884498726381274
Fast Food,Jacksonville,Taco Bell,10886.301565226413,252.55929883577977,34.6540989321487
Fast Food Restaurant,Jacksonville,Taco Bell,10711.895018476878,3171.7034071681487,31.923973149356293
Fast Food Restaurants,Cleveland,Jimmy John's,12675.793714510306,2526.2647107514485,38.97054694606244
Fast Food Restaurants,Miami,Jimmy John's,14170.161612557302,2009.2943853950196,36.70579097083335
Fast Food Restaurants,Cleveland,Domino's Pizza,12429.533771120328,1492.2375695813391,30.485994715810758
Fast Food Restaurants,Louisville,Pizza Hut,8726.40777202875,1148.6870432832623,44.493252308840134
Fast Food Restaurants,Louisville,Pizza Hut,8579.677791819948,313.2413829678904,28.99274767634764
Fast Food Restaurants,Louisville,Pizza Hut,16665.76861523677,21.45085281194197,29.637291308768827
Fast Food,Las Vegas,Panda Express,8555.147151290721,1651.9659171359488,33.59600338253109
Fast Food,Las Vegas,Subway,5108.024526895657,36.58233837029994,43.44494856304592
Fast Food Restaurants,Jacksonville,Arby's,6471.103026647648,219.18983357898668,34.66861210090633
Fast Food Restaurants,Cleveland,Subway,11787.550110957542,344.41748868567464,26.044318798483857
Fast Food,Atlanta,Dunkin' Donuts,17562.51776152442,963.9076096665193,32.341180776201284
Fast Food,Chicago,Subway,5748.270137899854,172.60863717797216,40.722302834276604
Fast Food,Brooklyn,Domino's Pizza,6480.98229337534,297.8603869826187,35.01780699555854
Fast Food Restaurant,Columbus,Taco Bell,6206.209999945989,407.8386286544147,36.32011224876662
Fast Food Restaurant,Columbus,Taco Bell,5051.991902032147,3072.662515005901,36.58144229166835
Fast Food Restaurant,Atlanta,Taco Bell,17103.855472471536,666.1568483063907,32.24738272906292
Fast Food Restaurant,Atlanta,Taco Bell,10926.39329038353,3494.371858658694,34.054995695793316
Fast Food Restaurant,Louisville,Burger King,15569.737014739778,502.00838485881417,39.22599167500511
Fast Food Restaurant,Louisville,Burger King,12858.628224462082,947.8793955595686,35.59950569557522
Fast Food Restaurants,Louisville,Burger King,16455.246386924853,500.4052961578466,32.82369887814163
Fast Food,Dallas,Domino's Pizza,8094.015779311421,676.4331105188317,23.40788314785454
Fast Food,San Antonio,Arby's,7661.30874150286,582.5173328766801,37.77079493868787
Fast Food Restaurant and Sandwich Place Northeast San Antonio,San Antonio,Arby's,10709.128138713124,88.27338560008374,37.76965419429769
Fast Food Restaurant and Burger Joint Austin,Chicago,Burger King,7971.251026666593,1343.4146500857016,36.90674264346934
Fast Food Restaurants,Chicago,Burger King,11512.179691119945,2343.2835172293007,35.186531453931075
Fast food restaurants,Chicago,Burger King,8287.128734971846,1137.5969051827853,32.235406151475864
Fast Food,Chicago,Burger King,5234.72554341057,215.9686631697199,42.231721275151585
Fast Food Restaurant and Burger Joint Ukrainian Village,Chicago,Burger King,11592.407748618205,670.0208348450434,36.16698115073356
Fast Food Restaurants,Chicago,Burger King,10180.337671492298,382.7838761337022,42.048150062427794
Fast Food Restaurant,Jacksonville,Checkers,9814.29006570628,128.67443179953594,33.20580001011768
Fast Food Restaurants,Jacksonville,Checkers,5016.532482824519,99.66194745951506,33.17650951183414
Fast Food,Houston,Subway,10332.748140360241,592.2144741001925,32.82181344178559
Fast Food Restaurants,Columbus,Subway,13253.288941873669,943.1610819454737,38.010278250859926
Fast Food Restaurants,Denver,Jimmy John's,11411.484588143958,1692.143727627658,30.433924872603612
Fast Food Restaurants,Denver,Jimmy John's,11784.247231969446,2032.535921044857,34.930552832403855
Fast Food Restaurant,Dallas,Jimmy John's,12357.696956680258,826.5422608643183,30.132225505495235
Fast Food Restaurants,Las Vegas,Domino's Pizza,10588.109406422853,2551.322044137339,35.74516351273486
Fast Food,Phoenix,Domino's Pizza,7420.004363110509,95.7783888087565,34.8206558029628
Fast Food Restaurants,Phoenix,Domino's Pizza,18654.37340778944,1639.2039473710481,32.5156837354772
Fast Food,Phoenix,Domino's Pizza,15130.74738973577,2036.2613837671342,40.05388182755207
Fast Food Restaurants,Tucson,Domino's Pizza,11748.92123166751,526.0954096844583,29.689280193055193
Fast Food Restaurants,Phoenix,Domino's Pizza,12842.638744464222,2957.9429899801526,40.73177913776452
Fast Food,Phoenix,Domino's Pizza,9903.261512175979,1325.9049520665951,33.179828953503595
Fast Food,Phoenix,Domino's Pizza,8598.985021170985,76.47058497070387,37.89691032823928
Fast Food,Phoenix,Domino's Pizza,9430.346446861506,469.24219301680637,38.36936592188596
Fast Food Restaurants,Phoenix,Domino's Pizza,5152.734681198574,657.5342004630579,36.23862945279387
Fast Food Restaurant,Houston,McDonald's,11719.323522126568,179.94610698156936,38.23486715943554
Fast Food Restaurants,San Antonio,McDonald's,12746.237995699043,1298.5840567864427,32.97863342550458
Fast Food Restaurants,Houston,McDonald's,3662.2805157315497,1389.1406162195476,30.020753740713495
Fast Food,Houston,McDonald's,9656.02114719666,439.9825196375935,29.885237412992705
Fast Food Restaurant,Houston,McDonald's,14990.46407183991,512.6343332803945,33.49397102432923
Fast Food Restaurant,Dallas,McDonald's,10265.967977961336,1768.0794691624972,34.14854420736893
Fast Food Restaurants,San Antonio,McDonald's,7503.1560986136765,381.804635649767,44.42463205427173
Fast Food Restaurant Boyle Heights,Los Angeles,McDonald's,3992.865657427875,276.05628096176696,33.8915730670285
Fast Food,San Diego,Taco Bell,1506.9101432444386,1066.3351733331585,45.10508960272581
Fast Food Restaurant,San Diego,Taco Bell,4214.186618044269,1118.4035084492134,32.83183845599276
Fast Food Restaurant,Columbus,Taco Bell,1894.5466383264284,613.5803838713377,34.570802260806
Fast Food Restaurants,Columbus,Taco Bell,9024.285923245465,30.625295629210957,36.12790937343255
Fast Food Restaurant Historic Downtown,Los Angeles,Subway,11149.03014079936,117.85098982485299,31.242737915856484
Fast Food,Los Angeles,Subway,11772.690926005684,22.704094867591003,27.43439706125877
Fast Food,Denver,Taco Bell,10432.616961942334,2462.959992545213,37.389266446424465
Fast Food,Denver,Taco Bell,13191.268058184722,1034.8173156713806,38.24994133374077
Fast Food Restaurants,Las Vegas,Taco Bell,5948.175585945428,1253.8876970967563,31.988962744730486
Fast Food Restaurants,Phoenix,Taco Bell,7268.045136452827,2116.2713318091337,39.86985486851144
Fast Food Restaurant,Phoenix,Taco Bell,8889.423013799784,64.3440204440805,39.107320691102345
Taco Place and Fast Food Restaurant,Phoenix,Taco Bell,6477.2397512021635,744.9371043912798,32.412037527969304
Fast Food Restaurants,Phoenix,Taco Bell,7405.06261407833,1446.5661212408252,32.59166216639363
Fast Food Restaurant Boyle Heights,Los Angeles,McDonald's,10148.289327552082,2200.326571918134,40.129464016314216
Fast Food Restaurant Willowbrook,Los Angeles,McDonald's,2172.098712768837,137.69689078947155,37.97300333935668
Fast Food Restaurant,Los Angeles,McDonald's,6152.437257441711,1873.0210028189476,24.412462458098858
Fast Food Restaurant,Phoenix,Wendy's,5523.313643109655,836.2255995690607,29.36088421050706
Fast Food Restaurant and Burger Joint,Phoenix,Wendy's,9376.946125700426,709.2197408145793,35.68342589727758
Fast Food Restaurant,Phoenix,Wendy's,6961.986634223345,366.73544061072727,36.30220518239995
Fast Food,Louisville,McDonald's,4502.14978175695,2820.7338694553755,41.23425283647801
Fast Food Restaurant,Louisville,McDonald's,1931.2236633789598,1433.6834986680244,33.51730990705619
Fast Food Restaurants,Louisville,McDonald's,11169.142993824911,1311.772125873509,26.7346725956819
Fast Food Restaurants,Louisville,McDonald's,13439.85797585642,185.48028653229971,35.830089299284815
Fast Food,Louisville,McDonald's,9683.640003088256,359.2932215149874,34.26790763460364
Fast Food Restaurants,Louisville,McDonald's,11321.36579897792,1862.7816373016558,33.142699436128275
Fast Food Restaurants,Louisville,McDonald's,6707.520262829571,465.8638875432398,35.63686638261627
Fast Food,Louisville,McDonald's,6841.944711147571,1042.2630840957897,34.80459293790502
Fast Food Restaurant,Louisville,McDonald's,9916.247927478998,2717.542750008083,33.7963611688106
Fast Food,Louisville,McDonald's,9867.806644299366,2775.489312131201,35.1239213176826
Fast Food Restaurant,Louisville,McDonald's,11498.840580279933,345.41411374953117,38.609281127227916
Fast Food,Dallas,Subway,8350.114966475594,427.5581148096824,29.661471647452686
Fast Food Restaurant,Columbus,McDonald's,11707.287185410623,2749.38750509679,32.45044901980426
Fast Food Restaurant,Columbus,McDonald's,9834.960989314612,136.65151105249439,26.41429001304062
Fast Food Restaurants,Atlanta,McDonald's,4873.88668938758,61.347779544126965,44.74561557639744
Fast Food Restaurants,Houston,McDonald's,17155.402480277688,698.1427600309074,42.27121982180921
Fast Food Restaurant North Houston,Houston,McDonald's,3359.7775557504774,3897.4740908848617,33.72829211797105
Fast Food Restaurant,San Diego,Wendy's,10004.793694374861,123.24280421043082,30.816563765521508
Fast Food Restaurant,Oklahoma City,Arby's,8789.169765247358,307.0767239313664,30.931237947647176
Fast Food Restaurants,Oklahoma City,Arby's,12597.331492309448,844.0626831741043,43.49644963160431
Fast Food Restaurants,Oklahoma City,Arby's,3569.2129094157726,836.7742944747417,37.27814579660515
Fast Food,Atlanta,Wendy's,8206.893443100624,5055.176387635666,36.54182089408007
Fast Food Restaurant,Atlanta,Wendy's,11707.873860873226,128.48101138565403,31.35414839677726
Fast Food Restaurant,Denver,Arby's,7639.45364655962,293.94340744729175,34.204368197206136
Fast Food Restaurant and Fried Chicken Joint,Atlanta,Chick-fil-A,6994.413227942734,359.25861554074197,34.88413777252418
Fast Food Restaurants,Atlanta,Chick-fil-A,14589.090173911381,250.60729956551387,36.16637478697223
Fast Food,Atlanta,Chick-fil-A,6016.806866971497,320.8054697628342,35.38065506032349
Fast Food Restaurant and Burger Joint,Louisville,Wendy's,11675.656495297051,731.6904322782664,39.14488816100107
Fast Food Restaurant,Louisville,Wendy's,5010.74506703479,609.3436486590073,36.42305097284937
Fast Food Restaurant,Louisville,Wendy's,6959.505041247739,97.86014936679385,37.91210619350873
Fast Food Restaurant,Phoenix,Jack in the Box,9588.881957516014,2282.9416064173665,36.84122211434457
Fast Food,Phoenix,Jack in the Box,5578.752007210361,775.4764838317561,34.107515291319345
Fast Food Restaurant,Cleveland,Rally's,5716.341152916571,387.38890305035306,28.498844052305614
Fast Food Restaurant,San Antonio,Whataburger,5510.89359815333,850.7554297064364,41.669824647037025
Burger Joint and Fast Food Restaurant Terrell Heights,San Antonio,Whataburger,6682.60769813626,1299.046432452756,37.92694690401709
Fast Food Restaurants,Houston,KFC,15843.088882385411,2469.8588698837675,31.204910776379094
Fast Food Restaurant and Burger Joint Old North Columbus,Columbus,Rally's,6175.743105274943,744.9334923555308,33.804382723201826
Fast Food Restaurant,Atlanta,Wendy's,9845.934728519049,786.1411696090149,37.543607999072236
Fast Food Restaurants,Brooklyn,SUBWAY,8922.094146218933,1556.4871410365527,35.3017397981956
Fast Food Restaurant and Burger Joint,Houston,McDonald's,1229.9104607276968,359.5642725876203,37.27039419074124
Fast Food Restaurants,Tucson,Burger King,12890.261593605424,847.7438731523856,37.18876175827887
Fast Food Restaurant,San Antonio,Wendy's,464.1307695852811,964.4784608734715,45.55645052385512
Fast Food Restaurants,Cleveland,Arby's,9698.083010136312,1224.4996255554427,27.53597429386381
Fast Food Restaurant and Burger Joint Dinsmore,Jacksonville,Wendy's,8783.482735286452,2964.2009200021052,24.597584464410502
Fast Food Restaurant,San Antonio,SONIC Drive In,15876.549011063966,759.9984253358459,34.42469470300678
Fast Food Restaurants,Philadelphia,Dairy Queen,8946.084568597962,137.80722120420276,37.52594589905891
Fast Food Restaurant,Miami,McDonald's,8307.477853806866,32.59484147172391,38.81017176267123
Fast Food,Philadelphia,McDonald's,9918.633982983258,2757.6676274962097,34.049385864746604
Fast Food Restaurant,San Antonio,Taco Bell,9338.72672953943,102.63167111520671,38.203035238840286
Fast Food,Houston,Subway,11793.640491046734,409.70602505758,38.72537042259307
Fast Food Restaurant,Dallas,McDonald's,12210.062685499888,1243.2847131826657,31.831728602456135
Fast Food Restaurant,Phoenix,Jack in the Box,7494.795254511726,110.60171663793133,32.82556790454156
Fast Food,Dallas,Taco Bell,6947.840737179973,6.893695240225739,31.442111027895887
Fast Food Restaurant,San Antonio,SONIC Drive In,11768.627325194971,2078.202150745324,40.951629299161056
Fast Food Restaurants,Houston,Jack in the Box,8167.3642233372875,0.4609211803048761,36.08851705170369
Fast Food,Las Vegas,Taco Bell,8743.368648406873,1718.9534428610764,37.18003149269592
Fast Food Restaurant,Dallas,Jack in the Box,8081.54965713403,2004.5252807053057,43.01581809166837
Fast Food,Dallas,Jack in the Box,18896.127220092792,474.924899697472,27.91985031761172
Fast Food Restaurant,San Antonio,SONIC Drive In,10574.492039120905,313.22544732030747,33.40164190356895
Fast Food Restaurant,Las Vegas,Jack in the Box,8474.108266527972,551.578834170872,26.69586898966191
Fast Food,Atlanta,Subway,12125.89055120593,250.30723309928825,36.678625345224326
Fried Chicken Joint and Fast Food Restaurant Model City,Miami,KFC,11416.727984481719,1771.6674340270845,43.44106004676259
Fast Food Restaurant,Miami,KFC,15611.276230537766,127.89345870261646,33.481813465826455
Fast Food Restaurant and Burger Joint,Las Vegas,Wendy's,14230.000150582004,2074.2809112646405,29.20536150676652
Fast Food,Louisville,Taco Bell,14767.287164511446,918.782867310825,39.967501263144825
Fast Food Restaurant,Louisville,White Castle,4953.251002027154,773.272844403193,31.984641009714235
Fast Food Restaurant,Philadelphia,Wendy's,15416.430433476267,137.34312449028272,33.997212420448044
Fast Food,Miami,McDonald's,8292.496565884647,2288.103671046022,31.892736845186903
Fast Food Restaurants,Atlanta,McDonald's,11342.766233601902,1141.1151984770422,36.206562118391176
Fast Food Restaurant,Tucson,KFC,11631.381733381068,441.3326998902586,40.01222563203633
Fast Food Restaurant and American Restaurant,Phoenix,SONIC Drive In,13990.826140697664,93.60302441351236,26.288523883153438
Fast Food,Brooklyn,McDonald's,8554.340815080506,412.9379997091107,33.08386647069264
Fast Food Restaurant,Oklahoma City,Whataburger,4811.498152470838,325.1353493250251,32.591363241430805
Fast Food,Oklahoma City,Whataburger,9862.118386024671,1324.7590843174069,32.85049131465706
Fast Food Restaurant and Burger Joint,Tucson,Wendy's,20786.31780761505,5687.362195266025,41.011715827366274
Fast Food,Houston,Panda Express,8763.39735181502,416.5202229311803,25.590039337196046
Fast Food Restaurant,Denver,SONIC Drive In,12280.042876796142,136.28650767338027,30.620346561823318
Fast Food Restaurants,Denver,Del Taco,10512.968847825927,429.7357018520357,34.137571343464295
Fast Food,Dallas,KFC,9201.825108578454,1200.522865997379,34.713916637423914
Fast Food,Louisville,Panera Bread,16841.768716364637,139.96882650310985,40.61127253543936
Fast Food,San Diego,Panera Bread,10600.981428509855,895.5764191051919,40.275916717687586
Pizza / Fast Food / American,Atlanta,Pizza Hut,13508.161562351856,513.9694481259638,30.872627743087858
Fast Food Restaurants,Las Vegas,Pizza Hut,15097.59332548698,3010.8614002173567,34.251456425482736
Fast Food Restaurant,Miami,McDonald's,12483.47362397908,27.62885565814401,30.679810712706093
Fast Food Restaurant,Miami,McDonald's,12292.630787521497,1312.2565690058282,38.25068987585466
Fast Food Restaurants,Miami,McDonald's,9026.010399589342,538.0924585895872,25.813030819784366
Fast Food,Miami,McDonald's,24051.88409253508,308.01675151014234,37.69125879962589
Fast Food Restaurant,Miami,McDonald's,8048.455822387249,59.318529382727775,26.284160975507586
Fast Food Restaurant,Miami,McDonald's,16586.723057309675,86.73540193516968,43.448838343126766
Fast Food Restaurant,Miami,McDonald's,8958.830121385845,790.2774229153362,33.38876869269749
Fast Food Restaurant,Miami,McDonald's,10648.18603274516,2799.8752060853158,27.574419307446696
Fast Food,Miami,McDonald's,10647.814817303584,414.36764087954384,42.78921245818964
Fast Food,Miami,McDonald's,12625.2493909068,457.86369108696033,26.350188687035143
Fast food restaurants,Orlando,McDonald's,9362.821813769104,2292.3489141171663,32.641247473646445
Fast Food,Orlando,McDonald's,7525.665712234286,320.57814625929063,34.498626550141566
Fast Food Restaurant,Orlando,McDonald's,8161.522498542075,1270.1239141194417,35.01528682927394
Fast Food,Orlando,McDonald's,13077.949472717377,1245.6832361855916,35.722678143838216
Fast Food Restaurant and Food,Orlando,McDonald's,7239.640449289063,2374.703079190967,37.217795255655375
Fast Food Restaurants,Orlando,McDonald's,14021.68633053541,1272.406372774874,29.43954636506777
Fast Food Restaurant,Orlando,McDonald's,9717.074644112598,193.7670678253504,35.086434748718126
Fast Food,Orlando,McDonald's,11421.92196580142,2786.928611546203,46.68935259851327
Fast Food Restaurant,San Antonio,Jack in the Box,3100.906819542897,1563.4660012218862,31.516252677852556
Fast Food Restaurant,San Antonio,Jack in the Box,245.5465977408967,468.61836377097757,35.39168107518349
Fast Food Restaurant,San Antonio,Jack in the Box,8469.585067875458,284.20787321857057,35.20943799722046
Fast Food Restaurant,San Antonio,Jack in the Box,11780.079111687013,780.0770074985696,38.644699880693544
Fast Food,Orlando,McDonald's,7925.056963287807,1584.442797474605,34.719655588498256
Fast Food,Orlando,McDonald's,5452.258052546734,4335.951520734207,34.95633804879487
Fast Food Restaurant,Orlando,McDonald's,16222.491585105467,1206.1811178807511,33.36463769407932
Fast Food Restaurant,Orlando,McDonald's,8007.794122056477,3979.1305172715056,32.91239363381508
Fast Food Restaurant,Orlando,McDonald's,2655.670042195622,3609.5267978615725,33.753317130318074
Fast Food Restaurant,Miami,McDonald's,10991.39076599283,236.31728160531142,42.89051181382217
Fast Food Restaurant,Miami,McDonald's,10137.148201784548,37.621858036830155,37.296458807834945
Fast Food,Miami,McDonald's,7524.708107379894,504.1132852925666,42.21363430748533
Fast Food Restaurant,Miami,McDonald's,12260.765265882255,1162.4682581290701,27.220940911815774
Fast Food,Miami,McDonald's,15355.88775894144,295.47234885809723,47.04494123785601
Fast Food,Las Vegas,Arby's,4693.7563332550735,2143.4557846270063,28.885652265639912
"Fast Food Restaurant, Sandwich Place, and American Restaurant Centennial Hills",Las Vegas,Arby's,12168.88387343266,1901.6151467432512,36.323411332626854
Fast Food Restaurants,San Diego,Arby's,10082.710048919891,2845.17348131424,31.100342530389444
Fast Food,Brooklyn,McDonald's,6083.061938759509,752.2294581795587,31.989722285929762
Fast Food Restaurant Canarsie,Brooklyn,McDonald's,9892.34212510835,87.33508698203657,35.921288736887945
Fast Food,Brooklyn,McDonald's,12749.261701638203,1099.130233600144,38.85867838597781
Fast Food Restaurant,Orlando,Wendy's,17042.701447281932,66.87071763899075,41.28760068845084
Fast Food,Orlando,Wendy's,13816.50763720734,462.6517788117627,31.099027579044638
Fast Food Restaurant,Orlando,Wendy's,6832.415836353761,1194.7857733018072,35.2930861200418
Fast Food,Orlando,Wendy's,7100.6273432922135,462.6917422938962,36.76768850109468
Fast Food Restaurant,Orlando,Wendy's,11021.002914651152,675.439816511521,30.56435433108168
Fast Food,Orlando,Wendy's,8847.433746232937,438.1859572783039,33.350152298204456
Fast Food Restaurant,Houston,Wendy's,6769.598225365753,541.1545904856362,39.29365256141619
Fast Food,Houston,Wendy's,11295.594357914712,1503.993391368874,37.52107329324455
Fast Food,Dallas,Wendy's,12927.686971540908,2293.9470026072568,44.36256419688658
Fast Food Restaurants,Houston,Wendy's,9539.29166031545,168.38549899858435,38.67838978709707
Fast Food Restaurant,Tucson,Burger King,9306.868546315764,1028.765736058073,31.373730720035596
Fast Food Restaurants,Phoenix,Burger King,5441.520001484117,716.6755055205765,32.60979007840922
Fast Food Restaurant,Las Vegas,Taco Bell,11921.487374656583,1591.3658357205043,43.807797593978194
Fast Food Restaurant and Mexican Restaurant Athmar Park,Denver,Taco Bell,11508.8794725758,412.2125146665588,38.50341514611977
Fast Food Restaurant,Denver,Taco Bell,10083.349651738097,109.10223199964372,37.08947224754382
Fast Food,Denver,Taco Bell,9512.606434563355,1972.1331243324305,35.180554881735226
Fast Food Restaurants,Louisville,Dairy Queen,6013.035180318199,413.75950493489114,36.70659414037756
Fast Food Restaurant,Louisville,McDonald's,9246.05617771151,45.029167817844304,34.93155450203015
Fast Food Restaurant OST - South Union,Houston,McDonald's,10391.008718248848,304.9836547129785,27.09678374323193
Fast Food Restaurant and Food,Phoenix,McDonald's,8104.6542032747475,681.1026867534283,34.15952237481098
Fast Food,Denver,Taco Bell,6256.400129307732,1164.6419065988453,35.14281082577106
Fast Food Restaurants,Oklahoma City,Taco Bueno,7913.776505713308,474.34559808846984,37.763795788283026
Fast Food,Brooklyn,Wendy's,13367.203309119548,1285.1317689367359,31.16140234594347
Fast Food Restaurant,Brooklyn,Wendy's,11524.16053032589,920.616413611719,36.81876054777704
Fast Food,Brooklyn,Wendy's,9128.006925119282,827.4466981639557,26.13052585268597
Fast Food,Las Vegas,Wendy's,11151.159923513183,229.83813682076007,30.202562049995024
Fast Food,Houston,Jack in the Box,14035.82329668484,650.5057243917122,34.12304860696919
Fast Food Restaurant,Houston,Jack in the Box,5181.26446509924,1150.1051452323613,38.21571544279787
Fast Food Restaurant,Houston,Jack in the Box,8778.409676051688,5808.109729980951,36.81861860154838
fast food restaurant,Houston,Jack in the Box,5200.398420777213,565.4173164304709,31.281252210501627
Fast Food Restaurant,Houston,Jack in the Box,3427.5808453887794,156.93041389298034,37.024540364905945
Fast Food Restaurants,Houston,Jack in the Box,12016.804971634687,1378.3919832657998,31.566324628670895
Fast Food Restaurant,Houston,Jack in the Box,7287.108312951639,1309.060171122808,32.150707292981345
Fast Food,Houston,Jack in the Box,14431.729875905581,1399.0569932160518,34.62039509089759
Fast Food,Houston,Jack in the Box,13411.222531731419,259.65232270984666,36.18000404235034
Fast Food,Houston,Jack in the Box,4555.218621762483,1167.4213987931653,34.585639881459755
Fast Food Restaurant,Houston,Jack in the Box,16049.572678371773,205.7220444160524,39.608546367481736
Fast Food Restaurant,Houston,Jack in the Box,10457.497638169163,2228.5498258833118,33.460744479489115
Fast Food,Houston,Jack in the Box,12097.956708167934,189.46760694326073,36.329333865556
Fast Food Restaurant,Houston,Jack in the Box,17160.70904376157,97.0714865250196,43.19241655372997
Fast Food Restaurant,Houston,Jack in the Box,19543.27924638969,1713.4086310686919,44.14010133639316
Fast Food Restaurant,Houston,Jack in the Box,10788.11999978833,1759.6460134313752,34.092616127182374
Fast Food,Houston,Jack in the Box,8653.16400353752,1882.9280133878824,38.479736325752
Fast Food,Houston,Jack in the Box,15591.7772109871,1633.262664718889,31.259770146503154
Fast Food Restaurant,Houston,Jack in the Box,8427.139577928325,369.12170428975577,33.51253162253372
Fast Food Restaurants,Houston,Jack in the Box,12211.83913688016,146.1905318226133,38.91505122687515
Fast Food,Houston,Jack in the Box,10101.692892357241,578.1823063727785,38.05808127455205
Fast Food,Houston,Jack in the Box,6585.864949316534,238.12254312362887,28.68489467042535
Fast Food Restaurants,Houston,Jack in the Box,19351.129339535983,1281.4432288239389,30.393735967292063
Fast Food Restaurants,Denver,Long John Silver's,8156.862743592435,70.0923126525259,32.704543103498196
Fast Food Restaurants,Oklahoma City,McDonald's,15069.276961881551,196.07687488286388,30.312377285811667
Fast Food Restaurants,Oklahoma City,McDonald's,4962.899482424208,316.56907991494154,28.32264846075787
Fast Food Restaurants,Oklahoma City,McDonald's,6743.075210870022,1002.8393091296672,31.31291245799515
Fast Food Restaurant Central Oklahoma City,Oklahoma City,McDonald's,8120.651966139994,460.69630751184076,32.299497558331744
Fast Food Restaurant,Columbus,Arby's,12437.575985287382,1318.8745304556614,34.16399079176006
"Fast Food Restaurant, American Restaurant, and Sandwich Place",Columbus,Arby's,6637.676555274762,2007.9764523770093,32.20980814509283
Fast Food Restaurant,Columbus,Arby's,12377.546511781908,917.1262960802361,36.637687614274995
Fast Food Restaurants,Columbus,Arby's,15210.517422157962,856.6344325094485,38.30089636071272
Fast Food Restaurant and Burger Joint South Side,Chicago,Burger King,9865.303412664302,2734.9506298285073,25.544447344263958
Fast Food Restaurants,Houston,Chick-fil-A,15686.167452822305,247.8089764851257,33.022672142320836
"Fried Chicken Joint, Fast Food Restaurant, and American Restaurant",Dallas,Chick-fil-A,6893.385815187432,118.0123364887207,28.48423917622032
Fast Food,Dallas,Chick-fil-A,4345.881560724879,1727.294846257949,27.13502519238959
Sandwich Place and Fast Food Restaurant Downtown Brooklyn,Brooklyn,Subway,11131.657543781646,118.56555963362418,39.58101782158703
Fast Food,Phoenix,Jack in the Box,11894.072960540849,2400.9179022184203,32.55472015621642
Fast Food Restaurant,Phoenix,Jack in the Box,15427.315889964482,1240.7954953561832,39.27744646618169
Fast Food Restaurant,Phoenix,Jack in the Box,14279.245117611203,1058.7109192757127,36.73049179400992
Fast Food Restaurant,Phoenix,Jack in the Box,5380.983431112719,641.9405325955919,31.37191504733638
Fast Food,Phoenix,Jack in the Box,13836.517843479687,1420.3646471012767,29.639740631721157
Fast Food Restaurant,Phoenix,Jack in the Box,15502.290977847588,810.5202948159456,26.09348629689822
Fast Food Restaurant,Phoenix,Jack in the Box,11243.186537208632,3328.280636737292,33.02902364351523
Fast Food Restaurant,Los Angeles,Jack in the Box,11387.008353676316,387.3702533246149,34.99148145099197
Fast Food,Los Angeles,Jack in the Box,9214.55383037815,570.8255882500506,39.481042092381124
Fast Food,Dallas,Pizza Hut,9758.9505258277,3041.993235704371,34.50356293391731
Fast Food,Houston,Pizza Hut,10401.590982781534,2063.0027430349032,39.51979626535137
Fast Food Restaurant,San Diego,In-N-Out Burger,4847.660330169822,147.70691180672733,37.50003504948514
Fast Food Restaurants,San Diego,Panera Bread,10548.529861710995,51.84672509228026,39.94087463850161
Fast Food,Miami,Subway,9535.197359440866,1476.322896176081,26.448084054172824
Fast Food,Los Angeles,Jack in the Box,16541.346389302984,1413.4228965506315,36.03790158358997
Fast Food,Los Angeles,Jack in the Box,10446.562042063566,510.26769220288617,39.185050725705686
Fast Food,Orlando,Taco Bell,6729.035123802757,1333.10787256922,36.19307191735636
Fast Food Restaurants,Orlando,Taco Bell,16319.23775607605,336.1367448847423,34.33729550498969
Fast Food Restaurant,Orlando,Taco Bell,19050.531375359344,1455.846826954581,35.987171738662454
Fast Food Restaurant,Miami,Taco Bell,10337.431970792439,1195.1453837476342,30.107447272284453
Fast Food Restaurant,Miami,Taco Bell,5720.812364319925,1922.645663642726,26.313696813347054
Fast Food Restaurant,Miami,Taco Bell,10858.38362936935,389.72431978137485,34.86879128640706
Fast Food Restaurant and Mexican Restaurant,Jacksonville,Taco Bell,4641.03636031629,314.2637875646593,36.31988144698994
Fast Food Restaurant,Jacksonville,Taco Bell,13164.611676355822,562.0410806113383,48.19646974442707
Fast Food Restaurant,Jacksonville,Taco Bell,7631.339023358153,430.80276822023217,32.819288597682615
Fast Food,Houston,Panda Express,16550.973913372924,193.18040224113963,33.28153350879791
Fast Food,Philadelphia,Dunkin' Donuts,9773.191195340503,2671.0906115693297,33.183796032832376
Fast Food,Philadelphia,Dunkin' Donuts,14879.049532241417,2582.4473581706197,32.3177893744953
Fast Food,Dallas,McDonald's,16143.763337643224,2761.291334075152,37.2983125058833
Fast Food Restaurant,San Antonio,McDonald's,7773.7479079392515,666.4634285313883,34.16681062525931
Fast Food Restaurant,Houston,McDonald's,2434.937973094312,616.825979105412,31.26780021918634
Fast Food,Houston,McDonald's,4686.628018453247,688.9788453328025,43.67846350726081
Fast Food,San Antonio,McDonald's,11449.721614392494,38.72473827262868,45.753902564201525
Fast Food Restaurant Southwest Dallas,Dallas,McDonald's,5654.257503354378,347.3588449518338,37.467133584593206
Fast Food Restaurant,Cleveland,McDonald's,12965.756645637823,309.0383080937986,35.106659357128486
Fast Food Restaurant,Phoenix,Jack in the Box,5083.565821120544,195.47836003093468,37.93534485950437
"Fast Food Restaurant, American Restaurant, and Sandwich Place",San Antonio,Chick-fil-A,8476.421840768484,1338.6609250649178,38.743626377305155
"Fast Food Restaurant, American Restaurant, and Sandwich Place Stone Oak",San Antonio,Chick-fil-A,6170.178887448661,515.5866857112518,28.850529501283837
Fast Food Restaurants,Columbus,Burger King,4214.493090513474,765.5656553228026,34.023105407630695
Fast Food Restaurants,Cleveland,McDonald's,4996.313770481376,1516.9470431768466,36.7913378641273
Fast Food Restaurant,Cleveland,McDonald's,10614.127052112995,1480.9948268838548,28.66746143186652
Fast Food Restaurants,Philadelphia,McDonald's,6951.946856840132,3613.5186677621614,37.429169592890474
Fast Food,Philadelphia,McDonald's,17211.813224203688,959.170518425704,30.908503980183195
Fast Food Restaurants,Philadelphia,McDonald's,9110.783475219381,338.9816828039434,29.119391607727653
Fast Food Restaurant Haddington,Philadelphia,McDonald's,10502.538627314105,1598.6810507536566,34.79080979706747
Fast Food Restaurant,Philadelphia,McDonald's,-78.96943772584564,982.0020801928614,31.67279213587782
Fast Food Restaurants,Philadelphia,McDonald's,9700.412846572268,229.00176660599516,33.97085811231422
Fast Food Restaurant and Burger Joint Allegheny West,Philadelphia,McDonald's,15194.646525705357,586.8623287836836,30.351545357182736
Fast Food Restaurant North Philadelphia,Philadelphia,McDonald's,11012.277542874697,7.243562176630364,27.70467599870391
Fast Food,Atlanta,Pizza Hut,2748.8786318995244,2282.716629306388,28.897033716848444
Fast Food,Atlanta,Pizza Hut,9425.304487519821,604.6117909079961,35.23386273502289
Fast Food,Phoenix,Subway,10335.716180743913,111.65982148531883,38.93139330845835
Fast Food Restaurants,Los Angeles,Del Taco,4727.880704517386,309.28655596912023,31.45384777164669
Fast Food Restaurant,Louisville,Arby's,8519.050101562463,1018.1563524034678,33.74034362541346
Fast Food,Miami,Taco Bell,11069.676541629673,282.76506075512725,34.64393130733345
Fast Food,Las Vegas,Taco Bell,11173.38520742821,705.1223881982578,29.42550308617571
Fast Food,Dallas,McDonald's,11936.813413616668,42.52528652152572,35.14337002953437
Fast Food Restaurant,Houston,McDonald's,7489.506876917399,781.3304684053317,36.48106551878173
Fast Food Restaurants,San Antonio,McDonald's,12336.870150308201,2296.937068338574,37.77497883790542
Fast Food,Atlanta,Wendy's,11987.866009889221,334.22584842832185,38.1467834711899
Fast Food,Atlanta,Wendy's,12655.935121248962,176.1592371913173,21.02638112598389
Fast Food,Atlanta,Wendy's,10821.37573020978,222.25017448230622,34.929359110910056
Fast Food Restaurant,Atlanta,Wendy's,10863.838106737145,692.0303648345107,25.65560854590748
Fast Food,Atlanta,Wendy's,15875.441802391528,960.3705271919506,25.499765241589778
Fast Food,Las Vegas,Jack in the Box,10853.748620969547,589.6134066055566,36.54775619247345
Fast Food,Houston,McDonald's,7936.755026285877,426.0061171546826,34.19648765427569
Fast Food Restaurants,Houston,McDonald's,13414.849672882938,1175.03403899517,35.2059963811568
Fast Food Restaurants,San Antonio,McDonald's,8516.152706975457,71.71451765637205,39.25106991681688
Fast Food Restaurant,Houston,McDonald's,10943.557509085174,208.9873389681968,45.05626080102657
Fast Food,Houston,McDonald's,15081.919528209502,2707.4587829822617,35.32779264828564
Fast Food,Houston,McDonald's,10926.58533896581,3346.622950299936,41.244342307890534
Fast Food,Chicago,Subway,12542.214105494075,771.8081582148693,28.749493715521695
Fast Food Restaurants,Chicago,Subway,7003.949908392817,3.6388017112051534,39.041442816858456
Fast Food,Chicago,Subway,12973.648860112753,900.9342396746791,28.504158373826073
Fast Food Restaurant,Miami,Arby's,14004.541823451911,1021.3715115944158,34.93677987825935
Fast Food,Orlando,Arby's,7088.140123627796,987.3204901146465,42.343314881718385
Fast Food Restaurant and Sandwich Place,Orlando,Arby's,6593.418430398095,2020.0050389559397,37.10828273209473
Fast Food,Orlando,Arby's,14799.95638920496,2194.1922173463568,40.694072466477664
Fast Food,Orlando,Arby's,9742.130400702383,551.275036880548,36.595133559686765
Fast Food Restaurant,Orlando,Arby's,13196.78585697189,2374.4919603977573,36.96872811634463
"Fast Food Restaurant, American Restaurant, and Sandwich Place South Orange",Orlando,Arby's,7929.359020740103,324.0513100789968,40.43073008635045
Fast Food,Orlando,Arby's,15670.54498508177,1795.3052531233702,33.5434961649018
"Fast Food Restaurant, American Restaurant, and Sandwich Place",Jacksonville,Arby's,8961.82557140442,3837.46628341097,38.61858719639274
Fast Food,Chicago,Subway,8503.240932556973,358.27940465025375,36.88266252043741
Fast Food Restaurant,Oklahoma City,Taco Bell,19468.90987807922,928.618498376792,34.66540793420597
Fast Food Restaurant,Las Vegas,Arby's,14048.177385352294,1122.3519255658803,25.232363393979764
Fast Food,Orlando,Taco Bell,14590.590868449606,495.3882599523882,34.696118909727964
Fast Food Restaurants,Orlando,Taco Bell,3490.083075664874,876.5321554515688,37.13322743401777
Fast Food,Columbus,Taco Bell,7573.538136903657,52.421456308322135,34.63385162741167
Fast Food Restaurant and Mexican Restaurant,Dallas,Taco Bell,10629.674615354543,5.005383171427903,32.748147143673755
Fast Food Restaurant,Louisville,Subway,4737.414150883108,82.12671673440182,25.2501483395976
Fast Food,Denver,Burger King,8172.723794506866,740.6870693196776,40.578293827404934
Fast Food Restaurants,Oklahoma City,McDonald's,13436.047795785189,596.3829278954614,35.40961236901561
Fast Food Restaurant and Food,Oklahoma City,McDonald's,5756.388355868454,1750.8209174488693,39.10822620603861
Fast Food Restaurants,Oklahoma City,McDonald's,7361.006130630189,1938.3843815739235,26.730156079120714
Fast Food Restaurants,Oklahoma City,McDonald's,11450.254084971544,3749.7932504821056,36.00894433085155
Fast Food,Oklahoma City,McDonald's,11394.701261345645,736.3166757877096,34.224762006262885
Fast Food,Brooklyn,Domino's Pizza,8096.0220521163865,416.40868417611426,35.39544913768746
Fast Food,Columbus,Taco Bell,14530.30237042861,640.5958140945511,30.41788050498211
Fast Food Restaurants,San Antonio,Taco Bell,1967.3718205889018,242.18727744831386,34.467803660947105
Fast Food Restaurants,Cleveland,Subway,10329.773684432075,502.7631485052991,36.10931734990805
Fast Food,Denver,Subway,-1367.755035840657,490.651415477299,30.093178834919936
Fast Food Restaurants,Chicago,White Castle,11037.089811092701,855.0174286189423,46.45847904010308
Fast Food Restaurant,Los Angeles,KFC,6723.969213844678,3852.2544984655233,30.516740338799842
Fast Food Restaurants,Louisville,McDonald's,14339.54289367277,156.6820021435147,31.119355561647104
"Fast Food Restaurant, American Restaurant, and Sandwich Place Far West Side",San Antonio,Chick-fil-A,5069.404624216122,1116.6866623267679,30.317854643630703
Fast Food Restaurants,San Diego,Subway,461.4003015663948,263.8687966939058,28.427978339125264
Fast Food Restaurant,San Antonio,Burger King,12352.631826825997,208.49836585108906,26.929211378477046
Fast Food Restaurant and Mexican Restaurant Northeast San Antonio,San Antonio,KFC,8523.224793437837,1004.4750225165346,33.14789579905002
Fast Food,San Diego,Jack in the Box,6316.847742926835,2461.3660283385084,24.737328838862226
Fast Food,San Diego,KFC,6533.3157822739595,1088.5407468995027,37.712638170785134
Fast Food Restaurant,Jacksonville,McDonald's,10394.787810241814,605.4229523004734,33.467479751733016
Fast Food Restaurant and American Restaurant Central Oklahoma City,Oklahoma City,SONIC Drive In,13390.979784330977,3406.072732981452,32.09640739627265
Fast Food Restaurant,Oklahoma City,Arby's,13856.989143499524,427.0136359252269,40.52216680470283
Fast Food,Orlando,Taco Bell,15612.760765233263,48.83022632006421,39.62650982944309
Fast Food Restaurant and Mexican Restaurant,Orlando,Taco Bell,6018.182954659207,2698.440689317106,40.5921372097149
Fast Food Restaurants,Louisville,Subway,17319.058136580625,87.17471575749369,38.166088938717664
Fast Food,Las Vegas,Jack in the Box,6767.543687770141,229.01219190968058,30.829384059295563
Fast Food Restaurant,Miami,Burger King,3034.0292986073555,2067.553272783878,50.23477584678856
Fast Food,Miami,Burger King,9015.507270997014,2544.9431830993017,38.49393890155044
Fast Food,Chicago,Wendy's,1792.9783700240368,243.05599522115708,36.879909756022215
Fast Food Restaurant,Chicago,Wendy's,10120.692309934824,479.7572876805533,32.85733439816372
Fast Food,Chicago,Wendy's,10239.023950342787,255.6488287476628,34.704223648174114
Fast Food Restaurant,Chicago,Wendy's,14599.699151438977,404.14907153783275,32.277660852630156
Fast Food,Brooklyn,Domino's Pizza,14327.752373901896,456.0730903500459,41.0048589206801
Fast Food Restaurants,Brooklyn,Domino's Pizza,2965.510591280875,3143.291364412192,30.638876994354078
Fast Food Restaurants,Houston,SONIC Drive In,8397.986887626941,580.211666355539,32.5515948869513
Fast Food,Houston,Burger King,8552.958008426838,261.00886079147216,40.050346497045176
Fast Food Restaurant,Houston,Jimmy John's,10727.156680770631,2286.582081205728,35.419334324377
Fast Food Restaurant,Houston,Wendy's,15082.624276719616,386.57225903984954,29.981718376151317
Fast Food Restaurant,Denver,Jack in the Box,7024.421903479901,2349.941327024596,25.889732919782514
Fast Food Restaurant,Dallas,Jimmy John's,16471.005907996987,4.537561450405934,32.67695422586599
"Fast Food Restaurant, American Restaurant, and Burger Joint",Atlanta,Checkers,3631.104054885327,104.05563847343772,36.11605922760478
Fast Food,Brooklyn,KFC,9009.815770631756,678.9738156137612,43.738499645237184
Fast Food Restaurants,Dallas,Carl's Jr.,12108.484314706116,241.77276964877115,35.81581962567489
Fast Food Restaurants,Las Vegas,Pizza Hut,6389.452430511681,218.66681333315927,33.446352902021275
Fast Food Restaurant,Dallas,Taco Bell,8930.553633286418,360.4334552623801,37.12404443244152
Fast Food Restaurants,Dallas,Taco Bell,7805.085242911278,60.78071755661663,32.364941675355006
Fast Food,San Diego,Taco Bell,12929.785589225135,371.29296179514466,30.775080401857764
Fast Food Restaurant and Mexican Restaurant,Phoenix,Taco Bell,12576.169108630638,2332.262144649435,37.721279367149265
Fast Food Restaurants,San Antonio,Taco Bell,17387.051470014812,621.1890122001548,34.43938276445836
"Fast Food Restaurant, American Restaurant, and Sandwich Place",San Antonio,Chick-fil-A,5601.087866459033,3020.44377221857,28.380728000862522
Fast Food Restaurants,San Antonio,McDonald's,9666.354499084831,2.0872959312176587,31.201527939983805
Fast Food Restaurant,San Antonio,SONIC Drive In,4569.945547195241,321.57670833368064,28.31378845638642
Fast Food Restaurant and American Restaurant,San Antonio,SONIC Drive In,7565.475232063124,31.452990674820402,27.127704664870826
Fast Food Restaurants,San Antonio,SONIC Drive In,9140.401215848673,821.9810490617834,30.227278496954163
Fast Food Restaurant and American Restaurant,San Antonio,SONIC Drive In,13396.206851850926,33.107043409022886,39.42528075547864
Fast Food Restaurants,San Antonio,Panera Bread,8729.488523822138,377.18758938274476,36.442733215020134
Fast Food,Phoenix,Panda Express,1255.546467241631,1254.8880466917346,29.386969506624375
Fast Food Restaurant,Chicago,Burger King,7182.769563569789,1843.7719045425983,33.78845872472728
Fast Food Restaurants,Las Vegas,Wendy's,8164.589452092547,266.064435722486,36.32194742597357
Fast Food Restaurant,Denver,SONIC Drive In,6415.521461694777,1568.2892516031602,27.862038836310436
Fast Food Restaurants,Houston,McDonald's,13064.927756929472,211.14309808746296,25.624048657869274
Fast Food Restaurants,Cleveland,Pizza Hut,10100.109867160027,2152.3171586484423,40.32961483975455
Fast Food Restaurant,Cleveland,KFC,7776.342256300676,108.290277701996,46.184162975418225
Fried Chicken Joint and Fast Food Restaurant Central,Cleveland,KFC,12397.50352643789,259.3056652011655,38.08604454432873
Fast Food Restaurants,Cleveland,KFC,15836.388888403926,1288.2266423175072,38.34613699483228
Fast Food Restaurant,Cleveland,Jimmy John's,7019.374438093384,914.8906694833541,35.699243179651035
Fast Food Restaurant,Cleveland,Rally's,11801.379655997673,713.7336950473654,39.85514355222563
Fast Food Restaurant,Cleveland,McDonald's,9843.565901955215,1750.0482335805452,34.1191726717497
Fast Food,Miami,SUBWAY,12279.068397354358,161.3268056724892,34.00377564807138
Fast Food,Houston,Jack in the Box,5591.143671065183,229.1939240743203,36.66059458685115
Fast Food,Houston,Jack in the Box,11702.396151165953,1373.6677064433063,25.401590004590854
Fast Food Restaurant,Columbus,Wendy's,15895.727337092938,876.9879082548115,31.334105194296804
Fast Food Restaurant,Columbus,Wendy's,8378.864419680978,380.5173617761678,32.76831471530471
Fast Food Restaurants,Columbus,SONIC Drive In,4589.581007126599,514.1360221151327,36.89926232208777
Burger Joint and Fast Food Restaurant Forest Park West,Columbus,White Castle,12719.6248893232,3532.160294583265,34.527135706314574
Fast Food Restaurant,Columbus,Wendy's,8932.793566992574,1672.2128152218327,30.34445904299333
Fast Food Restaurant,Columbus,Taco Bell,9645.322729737562,1419.300213830518,27.385226297966625
Fast Food Restaurant,Columbus,KFC,14084.059218198105,313.51960067833767,32.96870177409404
Fast Food Restaurant,Louisville,White Castle,256.6363763171521,1113.7639906639417,33.87038827821712
Fast Food Restaurant,Louisville,Wendy's,11306.729560089743,353.5851725289618,34.14708400152334
Fast Food,Louisville,McDonald's,10752.196244741694,2127.3150472959705,27.61314499235577
Fast Food Restaurant,Louisville,McDonald's,5297.2309077840555,4536.485176307979,35.180742433560724
Fast Food Restaurant,Atlanta,McDonald's,13196.940734377367,1814.551291763745,37.45264396157743
Fast Food Restaurant,Chicago,Checkers,10008.761673146379,758.1458381925712,31.319491615952053
Fast Food Restaurants,Chicago,7-Eleven,10014.241308671199,1646.5452738859826,38.87488345738198
Fast Food Restaurants,Chicago,Panera Bread,2381.687468658133,565.469563287009,30.619149152348164
Fast Food Restaurant,Chicago,McDonald's,15924.427233322749,891.9594092261724,35.75856421580703
Fast Food,Los Angeles,Taco Bell,6955.627873340278,1676.0212017033482,35.93803297693822
Fast Food Restaurant,Louisville,McDonald's,8590.741723418976,678.7237657480935,37.306387897901494
Fast Food Restaurant,San Diego,Jack in the Box,6426.488125831807,172.77330954224172,32.900242041172035
Fast Food,Miami,Panda Express,15657.182005691106,1930.9773053387285,43.128652690124134
Fast Food Restaurants,Houston,Burger King,8727.279835828098,952.8218166189708,34.27252975140844
Fast Food,Chicago,Subway,3873.276994805463,215.95581635799678,41.9332258249043
Fast Food Restaurants,Louisville,Subway,7435.715073671459,252.00740691309014,41.47152126826999
Fast Food,Orlando,SUBWAY,8690.909811112662,1396.1621011411678,36.671353372588506
Fast Food Restaurant,Columbus,Rally's,12763.162378628967,1015.9985680609733,38.90249567799256
Fast Food Restaurants,San Diego,7-Eleven,17205.36513773419,1340.5464872975062,26.91517700644851
Fast Food Restaurants,San Diego,SUBWAY,9456.639363484286,37.604778238568315,33.1012492134492
Fast Food,Chicago,Subway,14367.289902028202,389.16430548254635,40.53071053678937
Fast Food,Columbus,Panera Bread,7440.549814402681,312.89590737798403,23.700608194061907
Fast Food Restaurant,San Diego,McDonald's,14847.834013552812,2730.113091625891,35.85663167675205
Fast Food Restaurants,San Diego,McDonald's,14476.977974819089,2039.6407886126854,36.26701968126995
Fast Food Restaurant,San Antonio,McDonald's,9943.52792416097,3494.356783754012,34.748297638523084
Fast Food Restaurant,San Diego,Jack in the Box,11172.295627158484,368.97386924545947,35.791195474502686
Fast Food,San Diego,Jack in the Box,10716.346012988846,86.13615423835343,36.19798297406894
Fast Food Restaurant and Burger Joint Deerwood,Jacksonville,Wendy's,10213.641861033959,939.5421217354688,38.57128385471191
"Fast Food Restaurant, American Restaurant, and Sandwich Place Southeast Jacksonville",Jacksonville,Chick-fil-A,17160.797091455282,3520.13633045349,36.127593367162056
Fast Food Restaurant,Jacksonville,McDonald's,166.1795165326239,2525.978893705244,29.841051334667227
Fast Food Restaurant,Columbus,KFC,5008.360123122981,1362.7818770614338,27.99596876675899
Fast Food Restaurants,Columbus,Subway,11674.628166258004,1443.7092438981117,29.70289958078831
Fast Food Restaurants,Columbus,Taco Bell,8343.130267623368,32.70216308934538,27.61733964541022
Fast Food Restaurants,Columbus,Subway,11887.98195696448,57.59108606873763,43.973418332802154
Fast Food Restaurants,Columbus,SUBWAY,7991.423366889466,2043.3578841584663,33.30100068244927
Fast Food Restaurant,Columbus,White Castle,8416.518665530222,2823.449604087482,39.946269492107746
Fast Food Restaurants,San Diego,Rally's,6837.3207327937325,490.7367498740158,26.773540924845243
Fast Food Restaurants,San Diego,7-Eleven,8706.10827363679,1309.6984089014702,29.8521129486777
Fast Food Restaurants,Columbus,KFC,14401.834359526012,651.9620881024731,27.24116128951831
Fast Food,San Diego,Jack in the Box,10296.301244328784,450.5965847986944,33.55108281117385
Fast Food Restaurant,San Diego,Jack in the Box,7576.576784364563,20.087414749365408,32.705763333125844
Burger Joint and Fast Food Restaurant,Columbus,White Castle,12334.505293074242,2082.5864351571963,27.20466640613224
Fast Food Restaurant,Jacksonville,KFC,4560.786206224973,251.82424752105536,32.82346850596807
Fast Food Restaurant,Oklahoma City,SONIC Drive In,12137.310073151495,732.0829867470752,41.43703741689785
Fast Food Restaurants,Oklahoma City,SONIC Drive In,7341.12291628292,46.54634535018942,24.321488571449358
Fast Food Restaurant,Oklahoma City,Jack in the Box,2231.4504671950745,78.5619756853188,23.38533952656667
Fast Food,Orlando,Pizza Hut,1815.658628207496,11.393683323530333,38.7332049260021
Fast Food Restaurants,Oklahoma City,Whataburger,10860.718513790662,952.6854074289945,35.079319076102564
Fast Food,Orlando,SUBWAY,11184.611439021506,1216.8576380525326,42.0165355989796
Fast Food Restaurant,Orlando,Chick-fil-A,8833.689452587181,835.6285287081805,34.07505863350793
Fast Food,Orlando,Taco Bell,12371.697990075054,2090.0041902607086,34.83293821563793
Fast Food Restaurants,Cleveland,Domino's Pizza,10544.194582626269,1249.8805707445804,43.19395325342282
Burger Joint and Fast Food Restaurant Brooklyn - Centre,Cleveland,Wendy's,8084.621741503284,1665.4365129431953,36.56448737918068
Fast Food Restaurant,Miami,KFC,10843.025722350518,1066.7684209365682,44.89041732665871
Fast Food Restaurant,Miami,KFC,9694.59859697245,1834.1000482281743,33.156406156704705
Fast Food Restaurants,Miami,Pizza Hut,12522.899108154441,1074.9062026426836,38.486319300465176
Fast Food Restaurants,Tucson,SONIC Drive In,6747.220547212145,1080.0329660012687,26.52847351383533
Fast Food,Tucson,McDonald's,7440.409209531891,2270.853638673986,30.896908618877873
Fast Food,San Diego,Burger King,7917.094082111506,168.6349023244425,40.06209152985704
Fast Food,Denver,McDonald's,11070.666711803891,690.3109135714909,40.31341957735663
Fast Food Restaurant,Denver,McDonald's,9066.241659635898,157.98828441893863,35.935551370501756
Fast Food Restaurants,Denver,McDonald's,9749.971775197648,176.19528308998744,36.6107288868804
Fast Food Restaurants,Denver,SUBWAY,11261.871157217387,79.3028082893536,25.934209456069986
Fast Food Restaurant,San Antonio,Jimmy John's,11302.52190428163,128.1460510727979,33.984736732050834
Fast Food,San Antonio,McDonald's,8786.088413906913,1994.0494584308358,26.58182745701493
Fast Food Restaurant,San Antonio,Wendy's,14748.391871127673,98.64079163473671,32.291221546589775
Fast Food Restaurant,San Antonio,SONIC Drive In,5425.703894971183,476.7019667006419,30.764488396209238
Fast Food Restaurants,San Antonio,7-Eleven,10763.702292929003,879.2190513108859,29.81563181348777
Fast Food Restaurant,Chicago,McDonald's,15331.44977225815,1447.0664555070655,28.19271031305994
Fast Food,Chicago,McDonald's,8640.575179121033,839.784215875685,33.88905379807526
Fast Food,Los Angeles,Chipotle Mexican Grill,9306.580298966519,781.1948111245869,38.48718379504834
Fast Food,Miami,Pizza Hut,20556.89462060156,1379.2194408960816,37.05848186784563
Fast Food,Miami,Pizza Hut,14218.577684697948,3032.7358467653753,40.73265761990271
Fast Food Restaurants,Miami,Pizza Hut,6821.382843537573,407.3042353570247,33.655400604257146
Fast Food,San Diego,Subway,10470.484780761502,766.3168528340814,32.47878344106837
Fast Food,Denver,Taco Bell,7055.716949485092,55.06810278604496,31.01289474774421
Fast Food,Brooklyn,KFC,3276.7734619034936,325.94468574665285,37.6616256172535
Fast Food Restaurant Central Oklahoma City,Oklahoma City,Wendy's,7423.849530403943,265.61975416176455,34.68922646683884
Fast Food Restaurant,Cleveland,Wendy's,12047.113945600086,748.7171427194598,35.579666741642036
Fast Food Restaurant,Los Angeles,McDonald's,7653.262461915576,82.59003029511821,30.881795569869706
Fast Food Restaurant,Tucson,Jack in the Box,11688.77699894924,129.49557135595313,38.88385990391755
Fast Food Restaurant,Dallas,In-N-Out Burger,10088.49365112187,2160.8584548507533,42.681808104137495
Fast Food Restaurant,Dallas,Jack in the Box,7715.567614283289,453.7571191363672,33.528160846437444
Fast Food Restaurant,Dallas,McDonald's,9287.025603704766,1327.0683353932488,30.99025493567102
Fast Food Restaurants,Phoenix,Chick-fil-A,16395.708877243713,112.11294308246246,39.166814567388386
Fast Food,Houston,Chipotle Mexican Grill,3114.3397808998916,1522.8383018464883,39.54807498891881
Fast Food,Denver,Subway,16241.68790394644,952.5070091750755,41.64004762893511
Fast Food Restaurants,Denver,Subway,14276.660502162553,308.12856911224435,32.30652969961124
Fast Food,Denver,Subway,7332.461244734655,855.5052508068354,35.22435022871883
Fast Food,Las Vegas,Jack in the Box,14137.164729115433,383.3157469615239,27.91138260273536
Fast Food,Las Vegas,Jack in the Box,10936.759227947074,95.08683698649827,32.54269615436901
Fast Food Restaurant,Las Vegas,Jack in the Box,5456.162252510482,1345.568097323643,30.108487471238753
Fast Food,Las Vegas,Jack in the Box,7429.177735392738,2288.1452413510733,36.15363542889482
Fast Food Restaurant,Las Vegas,Jack in the Box,7925.507294594705,1066.6040806284739,33.986573406860536
Fast Food,Las Vegas,Jack in the Box,6822.289789960554,296.7629385774755,34.47814744591252
Fast Food,Las Vegas,Jack in the Box,14808.649502873785,243.87893222952175,27.221691357886364
Fast Food Restaurant,Las Vegas,Jack in the Box,7704.590867158808,1806.0898343122767,42.10283616404758
Fast Food Restaurant,Orlando,Chick-fil-A,11321.418738635879,946.7953958344597,35.79265350235141
Fast Food Restaurants,Orlando,Chick-fil-A,10648.261165646065,725.4049334206129,31.24856402774707
Fast Food Restaurants,Orlando,Chick-fil-A,9054.768579394655,888.0434920581303,31.72041299499736
"Fast Food Restaurant, American Restaurant, and Sandwich Place",Jacksonville,Chick-fil-A,7539.619734547708,1851.6501904445217,34.82084874114056
Fast Food Restaurants,Jacksonville,Chick-fil-A,6172.534593357273,1222.5095238524468,37.73439475887746
Fast Food Restaurants,Jacksonville,Chick-fil-A,16375.503113930297,1407.3857097621446,34.71046324883237
Fast Food Restaurant,Jacksonville,Chick-fil-A,6659.145218518013,4747.868759512681,37.493238713135106
Fast Food Restaurants,Jacksonville,Chick-fil-A,10607.528274868393,955.4976757266281,31.243076900588793
Fast Food,Denver,Chipotle Mexican Grill,14310.778959752524,1481.963621550742,27.847857874177645
Fast Food Restaurant,Phoenix,SONIC Drive In,16756.693928746477,1928.9948717410243,39.95522482147025
Fast Food,Denver,McDonald's,7679.392054436662,1155.5360387591702,31.14902605722451
Fast Food Restaurants,Phoenix,McDonald's,11189.626696247726,303.452249561205,37.17376894384421
Fast Food Restaurant,Denver,Jimmy John's,5560.20076296202,141.94346539150953,31.69619690128132
Fast Food,Philadelphia,Checkers,6850.145992658403,726.9750642277133,33.66688699289079
Fast Food Restaurants,Philadelphia,Checkers,7309.770255867787,1095.2242429831274,28.433994245639564
Fast Food,Atlanta,Chipotle Mexican Grill,12152.61410028502,856.8888329788633,37.362575324684855
Fast Food Restaurants,Philadelphia,Checkers,11226.803477081341,46.514826048021774,26.647386324362973
Fast Food,Philadelphia,KFC,11493.85604248366,96.10141518991917,32.72750008151111
Fast Food Restaurants,Philadelphia,7-Eleven,8403.49085575039,9.939209838015143,39.10949677378997
Fast Food,Philadelphia,Burger King,8501.355962401203,1382.3295375143946,30.08403909236248
Fast Food Restaurant and Burger Joint,Philadelphia,Checkers,17429.84182183883,15.445809636185396,28.84996741708939
Fast Food Restaurants,Philadelphia,Checkers,12353.893029303475,1050.5895620707367,31.884237461518527
Fast Food Restaurant,Philadelphia,KFC,19547.0467346339,2077.8588327318616,32.12636044783736
Fast Food Restaurant,Philadelphia,Taco Bell,10334.254299583568,172.82043694586423,41.12774146732281
Fast Food,Los Angeles,Panda Express,10121.328475289887,903.4723441488653,27.216465476510386
Fast Food Restaurant,Orlando,McDonald's,19072.02803982903,216.8367348517189,31.693643722884893
Fast Food Restaurant,Orlando,McDonald's,9215.866043983384,4991.405966545728,37.0442249264728
Fast Food Restaurant,Orlando,McDonald's,11173.724758797413,116.69343770847551,43.88008940694212
Fast Food,Orlando,Taco Bell,11363.108088326811,741.4272322045283,34.62141985394464
Fast Food,Dallas,Jack in the Box,12347.765348165576,1447.7616385988165,26.504206797874435
Fast Food Restaurant,Dallas,Jack in the Box,5262.825679522299,51.95059867940171,38.455080490137846
Fast Food Restaurant,Dallas,Jack in the Box,15793.661096879456,1134.6939303104034,25.406592092387676
Fast Food,Dallas,Jack in the Box,11523.71033790219,810.319099660001,38.99270672127459
Fast Food Restaurant,Dallas,Jack in the Box,9354.190678761286,427.09107443424307,28.574639712533504
Fast Food,Dallas,Jack in the Box,8248.590283627516,63.45164506531604,30.201900326744955
Fast Food Restaurant,Dallas,Jack in the Box,7386.351110438193,146.76814394867492,31.593916510125506
Fast Food Restaurant,Dallas,Jack in the Box,6674.24692667501,69.13589587772927,35.82418945461984
Fast Food Restaurant,Dallas,Jack in the Box,7481.438430808072,1424.1034990916353,34.974175062215394
Fast Food,Cleveland,McDonald's,21391.630443947262,130.0572903193914,34.93629567890555
Fast Food Restaurant,Orlando,Burger King,9959.418932908846,1947.7009301605249,36.79704826275506
Fast Food,Las Vegas,SUBWAY,14597.537876510916,505.46386008716826,35.86359366976483
Fast Food Restaurants,Las Vegas,KFC,8359.788541563912,2276.182720720805,31.91894442748513
Fast Food,Las Vegas,KFC,6350.17207220676,1364.8366845438686,38.882226697302706
Sandwich Place and Fast Food Restaurant,Tucson,Jimmy John's,11030.522123758334,355.2092620763564,33.26558189368939
Fast Food Restaurant,Tucson,Burger King,16612.42999204989,812.9932808830187,34.018123287339584
Fast Food Restaurants,Tucson,Domino's Pizza,5238.021344761038,553.3409350221852,39.074126358148256
Fast Food Restaurants,Dallas,7-Eleven,5579.279109953493,74.96176259823237,38.624675140628106
Fast Food Restaurants,Dallas,McDonald's,6695.795854421531,542.2724413522077,24.977381076737252
Fast Food Restaurants,Dallas,McDonald's,4645.637800874842,1800.2354733468546,36.428026988860246
Fast Food Restaurant and Food,Dallas,McDonald's,11065.78002489856,267.6130791059325,39.40584236230421
